index,file,true_label,pred_label,prob,overlay_shown,heatmap_mean,heatmap_max,orig_saved,overlay_saved
0,C:\Pneumonia_Project\chest_xray\test\NORMAL\IM-0001-0001.jpeg,0,0,0.2761076092720032,1,0.25173741579055786,1.0,C:\Pneumonia_Project\gradcam_outputs\orig_0000_IM-0001-0001.jpeg,C:\Pneumonia_Project\gradcam_outputs\overlay_0000_IM-0001-0001.jpeg
1,C:\Pneumonia_Project\chest_xray\test\NORMAL\IM-0003-0001.jpeg,0,0,0.015933187678456306,0,0.08893036842346191,1.0,C:\Pneumonia_Project\gradcam_outputs\orig_0001_IM-0003-0001.jpeg,
2,C:\Pneumonia_Project\chest_xray\test\NORMAL\IM-0005-0001.jpeg,0,0,0.032555438578128815,0,0.11810193210840225,1.0,C:\Pneumonia_Project\gradcam_outputs\orig_0002_IM-0005-0001.jpeg,
3,C:\Pneumonia_Project\chest_xray\test\NORMAL\IM-0006-0001.jpeg,0,0,0.01964709907770157,0,0.0905531570315361,1.0,C:\Pneumonia_Project\gradcam_outputs\orig_0003_IM-0006-0001.jpeg,
4,C:\Pneumonia_Project\chest_xray\test\NORMAL\IM-0007-0001.jpeg,0,0,0.05244598537683487,0,0.15487271547317505,1.0,C:\Pneumonia_Project\gradcam_outputs\orig_0004_IM-0007-0001.jpeg,
5,C:\Pneumonia_Project\chest_xray\test\NORMAL\IM-0009-0001.jpeg,0,0,0.00707409018650651,0,0.06555745750665665,1.0,C:\Pneumonia_Project\gradcam_outputs\orig_0005_IM-0009-0001.jpeg,
6,C:\Pneumonia_Project\chest_xray\test\NORMAL\IM-0010-0001.jpeg,0,0,0.02876664511859417,0,0.11038307100534439,1.0,C:\Pneumonia_Project\gradcam_outputs\orig_0006_IM-0010-0001.jpeg,
7,C:\Pneumonia_Project\chest_xray\test\NORMAL\IM-0011-0001-0001.jpeg,0,0,0.09868764877319336,0,0.21574825048446655,1.0,C:\Pneumonia_Project\gradcam_outputs\orig_0007_IM-0011-0001-0001.jpeg,
8,C:\Pneumonia_Project\chest_xray\test\NORMAL\IM-0011-0001-0002.jpeg,0,0,0.1928756833076477,0,0.2589539885520935,1.0,C:\Pneumonia_Project\gradcam_outputs\orig_0008_IM-0011-0001-0002.jpeg,
9,C:\Pneumonia_Project\chest_xray\test\NORMAL\IM-0011-0001.jpeg,0,0,0.0078263645991683,0,0.07119390368461609,1.0,C:\Pneumonia_Project\gradcam_outputs\orig_0009_IM-0011-0001.jpeg,
10,C:\Pneumonia_Project\chest_xray\test\NORMAL\IM-0013-0001.jpeg,0,0,0.33370280265808105,1,0.31812402606010437,1.0,C:\Pneumonia_Project\gradcam_outputs\orig_0010_IM-0013-0001.jpeg,C:\Pneumonia_Project\gradcam_outputs\overlay_0010_IM-0013-0001.jpeg
11,C:\Pneumonia_Project\chest_xray\test\NORMAL\IM-0015-0001.jpeg,0,0,0.07424436509609222,0,0.15822041034698486,1.0,C:\Pneumonia_Project\gradcam_outputs\orig_0011_IM-0015-0001.jpeg,
12,C:\Pneumonia_Project\chest_xray\test\NORMAL\IM-0016-0001.jpeg,0,0,0.14600758254528046,0,0.20881128311157227,1.0,C:\Pneumonia_Project\gradcam_outputs\orig_0012_IM-0016-0001.jpeg,
13,C:\Pneumonia_Project\chest_xray\test\NORMAL\IM-0017-0001.jpeg,0,0,0.028345860540866852,0,0.12153761833906174,1.0,C:\Pneumonia_Project\gradcam_outputs\orig_0013_IM-0017-0001.jpeg,
14,C:\Pneumonia_Project\chest_xray\test\NORMAL\IM-0019-0001.jpeg,0,0,0.17187848687171936,0,0.22112414240837097,1.0,C:\Pneumonia_Project\gradcam_outputs\orig_0014_IM-0019-0001.jpeg,
15,C:\Pneumonia_Project\chest_xray\test\NORMAL\IM-0021-0001.jpeg,0,0,0.04891924932599068,0,0.18071389198303223,1.0,C:\Pneumonia_Project\gradcam_outputs\orig_0015_IM-0021-0001.jpeg,
16,C:\Pneumonia_Project\chest_xray\test\NORMAL\IM-0022-0001.jpeg,0,0,0.7205320000648499,1,0.5000602006912231,1.0,C:\Pneumonia_Project\gradcam_outputs\orig_0016_IM-0022-0001.jpeg,C:\Pneumonia_Project\gradcam_outputs\overlay_0016_IM-0022-0001.jpeg
17,C:\Pneumonia_Project\chest_xray\test\NORMAL\IM-0023-0001.jpeg,0,0,0.056554656475782394,0,0.22702834010124207,1.0,C:\Pneumonia_Project\gradcam_outputs\orig_0017_IM-0023-0001.jpeg,
18,C:\Pneumonia_Project\chest_xray\test\NORMAL\IM-0025-0001.jpeg,0,0,0.05282687023282051,0,0.19049440324306488,1.0,C:\Pneumonia_Project\gradcam_outputs\orig_0018_IM-0025-0001.jpeg,
19,C:\Pneumonia_Project\chest_xray\test\NORMAL\IM-0027-0001.jpeg,0,0,0.02899501845240593,0,0.1304904669523239,1.0,C:\Pneumonia_Project\gradcam_outputs\orig_0019_IM-0027-0001.jpeg,
20,C:\Pneumonia_Project\chest_xray\test\NORMAL\IM-0028-0001.jpeg,0,0,0.485400527715683,1,0.38865283131599426,1.0,C:\Pneumonia_Project\gradcam_outputs\orig_0020_IM-0028-0001.jpeg,C:\Pneumonia_Project\gradcam_outputs\overlay_0020_IM-0028-0001.jpeg
21,C:\Pneumonia_Project\chest_xray\test\NORMAL\IM-0029-0001.jpeg,0,0,0.040816087275743484,0,0.16528774797916412,1.0,C:\Pneumonia_Project\gradcam_outputs\orig_0021_IM-0029-0001.jpeg,
22,C:\Pneumonia_Project\chest_xray\test\NORMAL\IM-0030-0001.jpeg,0,0,0.11186337471008301,0,0.2568075954914093,1.0,C:\Pneumonia_Project\gradcam_outputs\orig_0022_IM-0030-0001.jpeg,
23,C:\Pneumonia_Project\chest_xray\test\NORMAL\IM-0031-0001.jpeg,0,0,0.036238547414541245,0,0.14368264377117157,1.0,C:\Pneumonia_Project\gradcam_outputs\orig_0023_IM-0031-0001.jpeg,
24,C:\Pneumonia_Project\chest_xray\test\NORMAL\IM-0033-0001-0001.jpeg,0,0,0.012404353357851505,0,0.07736333459615707,1.0,C:\Pneumonia_Project\gradcam_outputs\orig_0024_IM-0033-0001-0001.jpeg,
25,C:\Pneumonia_Project\chest_xray\test\NORMAL\IM-0033-0001-0002.jpeg,0,0,0.013850231654942036,0,0.09221715480089188,1.0,C:\Pneumonia_Project\gradcam_outputs\orig_0025_IM-0033-0001-0002.jpeg,
26,C:\Pneumonia_Project\chest_xray\test\NORMAL\IM-0033-0001.jpeg,0,0,0.02717246301472187,0,0.17088580131530762,1.0,C:\Pneumonia_Project\gradcam_outputs\orig_0026_IM-0033-0001.jpeg,
27,C:\Pneumonia_Project\chest_xray\test\NORMAL\IM-0035-0001.jpeg,0,0,0.2202225774526596,0,0.29078102111816406,1.0,C:\Pneumonia_Project\gradcam_outputs\orig_0027_IM-0035-0001.jpeg,
28,C:\Pneumonia_Project\chest_xray\test\NORMAL\IM-0036-0001.jpeg,0,0,0.044779565185308456,0,0.15296795964241028,1.0,C:\Pneumonia_Project\gradcam_outputs\orig_0028_IM-0036-0001.jpeg,
29,C:\Pneumonia_Project\chest_xray\test\NORMAL\IM-0037-0001.jpeg,0,0,0.04124942421913147,0,0.11069680750370026,1.0,C:\Pneumonia_Project\gradcam_outputs\orig_0029_IM-0037-0001.jpeg,
30,C:\Pneumonia_Project\chest_xray\test\NORMAL\IM-0039-0001.jpeg,0,1,0.8533706068992615,1,0.5083683133125305,1.0,C:\Pneumonia_Project\gradcam_outputs\orig_0030_IM-0039-0001.jpeg,C:\Pneumonia_Project\gradcam_outputs\overlay_0030_IM-0039-0001.jpeg
31,C:\Pneumonia_Project\chest_xray\test\NORMAL\IM-0041-0001.jpeg,0,0,0.009717470034956932,0,0.10533833503723145,1.0,C:\Pneumonia_Project\gradcam_outputs\orig_0031_IM-0041-0001.jpeg,
32,C:\Pneumonia_Project\chest_xray\test\NORMAL\IM-0043-0001.jpeg,0,0,0.012300333939492702,0,0.10206274688243866,1.0,C:\Pneumonia_Project\gradcam_outputs\orig_0032_IM-0043-0001.jpeg,
33,C:\Pneumonia_Project\chest_xray\test\NORMAL\IM-0045-0001.jpeg,0,0,0.020235631614923477,0,0.10652099549770355,1.0,C:\Pneumonia_Project\gradcam_outputs\orig_0033_IM-0045-0001.jpeg,
34,C:\Pneumonia_Project\chest_xray\test\NORMAL\IM-0046-0001.jpeg,0,0,0.02836507186293602,0,0.1736254096031189,1.0,C:\Pneumonia_Project\gradcam_outputs\orig_0034_IM-0046-0001.jpeg,
35,C:\Pneumonia_Project\chest_xray\test\NORMAL\IM-0049-0001.jpeg,0,0,0.23574064671993256,0,0.41694745421409607,1.0,C:\Pneumonia_Project\gradcam_outputs\orig_0035_IM-0049-0001.jpeg,
36,C:\Pneumonia_Project\chest_xray\test\NORMAL\IM-0050-0001.jpeg,0,0,0.023759892210364342,0,0.1193048357963562,1.0,C:\Pneumonia_Project\gradcam_outputs\orig_0036_IM-0050-0001.jpeg,
37,C:\Pneumonia_Project\chest_xray\test\NORMAL\IM-0059-0001.jpeg,0,0,0.017708946019411087,0,0.1662328839302063,1.0,C:\Pneumonia_Project\gradcam_outputs\orig_0037_IM-0059-0001.jpeg,
38,C:\Pneumonia_Project\chest_xray\test\NORMAL\IM-0061-0001.jpeg,0,0,0.00759912421926856,0,0.08565103262662888,1.0,C:\Pneumonia_Project\gradcam_outputs\orig_0038_IM-0061-0001.jpeg,
39,C:\Pneumonia_Project\chest_xray\test\NORMAL\IM-0063-0001.jpeg,0,0,0.0038816507440060377,0,0.03486557677388191,1.0,C:\Pneumonia_Project\gradcam_outputs\orig_0039_IM-0063-0001.jpeg,
40,C:\Pneumonia_Project\chest_xray\test\NORMAL\IM-0065-0001.jpeg,0,0,0.044264014810323715,0,0.10130587965250015,1.0,C:\Pneumonia_Project\gradcam_outputs\orig_0040_IM-0065-0001.jpeg,
41,C:\Pneumonia_Project\chest_xray\test\NORMAL\IM-0067-0001.jpeg,0,0,0.02739439718425274,0,0.09014546871185303,1.0,C:\Pneumonia_Project\gradcam_outputs\orig_0041_IM-0067-0001.jpeg,
42,C:\Pneumonia_Project\chest_xray\test\NORMAL\IM-0069-0001.jpeg,0,0,0.019913649186491966,0,0.11149496585130692,1.0,C:\Pneumonia_Project\gradcam_outputs\orig_0042_IM-0069-0001.jpeg,
43,C:\Pneumonia_Project\chest_xray\test\NORMAL\IM-0070-0001.jpeg,0,0,0.003331994405016303,0,0.09296935051679611,1.0,C:\Pneumonia_Project\gradcam_outputs\orig_0043_IM-0070-0001.jpeg,
44,C:\Pneumonia_Project\chest_xray\test\NORMAL\IM-0071-0001.jpeg,0,0,0.07136812806129456,0,0.16520078480243683,1.0,C:\Pneumonia_Project\gradcam_outputs\orig_0044_IM-0071-0001.jpeg,
45,C:\Pneumonia_Project\chest_xray\test\NORMAL\IM-0073-0001.jpeg,0,0,0.5314959287643433,1,0.28030094504356384,1.0,C:\Pneumonia_Project\gradcam_outputs\orig_0045_IM-0073-0001.jpeg,C:\Pneumonia_Project\gradcam_outputs\overlay_0045_IM-0073-0001.jpeg
46,C:\Pneumonia_Project\chest_xray\test\NORMAL\IM-0075-0001.jpeg,0,0,0.43508976697921753,1,0.2846199870109558,1.0,C:\Pneumonia_Project\gradcam_outputs\orig_0046_IM-0075-0001.jpeg,C:\Pneumonia_Project\gradcam_outputs\overlay_0046_IM-0075-0001.jpeg
47,C:\Pneumonia_Project\chest_xray\test\NORMAL\IM-0077-0001.jpeg,0,0,0.07432672381401062,0,0.24727027118206024,1.0,C:\Pneumonia_Project\gradcam_outputs\orig_0047_IM-0077-0001.jpeg,
48,C:\Pneumonia_Project\chest_xray\test\NORMAL\IM-0079-0001.jpeg,0,0,0.07526637613773346,0,0.1328030675649643,1.0,C:\Pneumonia_Project\gradcam_outputs\orig_0048_IM-0079-0001.jpeg,
49,C:\Pneumonia_Project\chest_xray\test\NORMAL\IM-0081-0001.jpeg,0,0,0.016278522089123726,0,0.2710573673248291,1.0,C:\Pneumonia_Project\gradcam_outputs\orig_0049_IM-0081-0001.jpeg,
50,C:\Pneumonia_Project\chest_xray\test\NORMAL\IM-0083-0001.jpeg,0,0,0.05884946882724762,0,0.19464975595474243,1.0,C:\Pneumonia_Project\gradcam_outputs\orig_0050_IM-0083-0001.jpeg,
51,C:\Pneumonia_Project\chest_xray\test\NORMAL\IM-0084-0001.jpeg,0,0,0.054917119443416595,0,0.1762946993112564,1.0,C:\Pneumonia_Project\gradcam_outputs\orig_0051_IM-0084-0001.jpeg,
52,C:\Pneumonia_Project\chest_xray\test\NORMAL\IM-0085-0001.jpeg,0,0,0.2573780119419098,1,0.40617960691452026,1.0,C:\Pneumonia_Project\gradcam_outputs\orig_0052_IM-0085-0001.jpeg,C:\Pneumonia_Project\gradcam_outputs\overlay_0052_IM-0085-0001.jpeg
53,C:\Pneumonia_Project\chest_xray\test\NORMAL\IM-0086-0001.jpeg,0,0,0.006577101070433855,0,0.06506767868995667,1.0,C:\Pneumonia_Project\gradcam_outputs\orig_0053_IM-0086-0001.jpeg,
54,C:\Pneumonia_Project\chest_xray\test\NORMAL\IM-0087-0001.jpeg,0,0,0.03435817360877991,0,0.12914928793907166,1.0,C:\Pneumonia_Project\gradcam_outputs\orig_0054_IM-0087-0001.jpeg,
55,C:\Pneumonia_Project\chest_xray\test\NORMAL\IM-0089-0001.jpeg,0,0,0.013013016432523727,0,0.060021765530109406,1.0,C:\Pneumonia_Project\gradcam_outputs\orig_0055_IM-0089-0001.jpeg,
56,C:\Pneumonia_Project\chest_xray\test\NORMAL\IM-0091-0001.jpeg,0,0,0.38387131690979004,1,0.2761726379394531,1.0,C:\Pneumonia_Project\gradcam_outputs\orig_0056_IM-0091-0001.jpeg,C:\Pneumonia_Project\gradcam_outputs\overlay_0056_IM-0091-0001.jpeg
57,C:\Pneumonia_Project\chest_xray\test\NORMAL\IM-0093-0001.jpeg,0,0,0.010907594114542007,0,0.08300122618675232,1.0,C:\Pneumonia_Project\gradcam_outputs\orig_0057_IM-0093-0001.jpeg,
58,C:\Pneumonia_Project\chest_xray\test\NORMAL\IM-0095-0001.jpeg,0,0,0.14652006328105927,0,0.30068960785865784,1.0,C:\Pneumonia_Project\gradcam_outputs\orig_0058_IM-0095-0001.jpeg,
59,C:\Pneumonia_Project\chest_xray\test\NORMAL\IM-0097-0001.jpeg,0,0,0.23604965209960938,0,0.2899788022041321,1.0,C:\Pneumonia_Project\gradcam_outputs\orig_0059_IM-0097-0001.jpeg,
60,C:\Pneumonia_Project\chest_xray\test\NORMAL\IM-0099-0001.jpeg,0,0,0.01225570309907198,0,0.07810556888580322,1.0,C:\Pneumonia_Project\gradcam_outputs\orig_0060_IM-0099-0001.jpeg,
61,C:\Pneumonia_Project\chest_xray\test\NORMAL\IM-0101-0001.jpeg,0,0,0.1329321265220642,0,0.28423354029655457,1.0,C:\Pneumonia_Project\gradcam_outputs\orig_0061_IM-0101-0001.jpeg,
62,C:\Pneumonia_Project\chest_xray\test\NORMAL\IM-0102-0001.jpeg,0,0,0.03213663771748543,0,0.10181940346956253,1.0,C:\Pneumonia_Project\gradcam_outputs\orig_0062_IM-0102-0001.jpeg,
63,C:\Pneumonia_Project\chest_xray\test\NORMAL\IM-0103-0001.jpeg,0,0,0.0042999517172575,0,0.0740993544459343,1.0,C:\Pneumonia_Project\gradcam_outputs\orig_0063_IM-0103-0001.jpeg,
64,C:\Pneumonia_Project\chest_xray\test\NORMAL\IM-0105-0001.jpeg,0,0,0.004488987848162651,0,0.059848375618457794,1.0,C:\Pneumonia_Project\gradcam_outputs\orig_0064_IM-0105-0001.jpeg,
65,C:\Pneumonia_Project\chest_xray\test\NORMAL\IM-0107-0001.jpeg,0,0,0.007498523686081171,0,0.11198750883340836,1.0,C:\Pneumonia_Project\gradcam_outputs\orig_0065_IM-0107-0001.jpeg,
66,C:\Pneumonia_Project\chest_xray\test\NORMAL\IM-0109-0001.jpeg,0,0,0.4954052269458771,1,0.3977048099040985,1.0,C:\Pneumonia_Project\gradcam_outputs\orig_0066_IM-0109-0001.jpeg,C:\Pneumonia_Project\gradcam_outputs\overlay_0066_IM-0109-0001.jpeg
67,C:\Pneumonia_Project\chest_xray\test\NORMAL\IM-0110-0001.jpeg,0,0,0.7418699860572815,1,0.44170835614204407,1.0,C:\Pneumonia_Project\gradcam_outputs\orig_0067_IM-0110-0001.jpeg,C:\Pneumonia_Project\gradcam_outputs\overlay_0067_IM-0110-0001.jpeg
68,C:\Pneumonia_Project\chest_xray\test\NORMAL\IM-0111-0001.jpeg,0,0,0.020699843764305115,0,0.07621999830007553,1.0,C:\Pneumonia_Project\gradcam_outputs\orig_0068_IM-0111-0001.jpeg,
69,C:\Pneumonia_Project\chest_xray\test\NORMAL\NORMAL2-IM-0007-0001.jpeg,0,0,0.07282096892595291,0,0.2282501459121704,1.0,C:\Pneumonia_Project\gradcam_outputs\orig_0069_NORMAL2-IM-0007-0001.jpeg,
70,C:\Pneumonia_Project\chest_xray\test\NORMAL\NORMAL2-IM-0012-0001.jpeg,0,0,0.01102037075906992,0,0.16585427522659302,1.0,C:\Pneumonia_Project\gradcam_outputs\orig_0070_NORMAL2-IM-0012-0001.jpeg,
71,C:\Pneumonia_Project\chest_xray\test\NORMAL\NORMAL2-IM-0013-0001.jpeg,0,0,0.0325298011302948,0,0.15660949051380157,1.0,C:\Pneumonia_Project\gradcam_outputs\orig_0071_NORMAL2-IM-0013-0001.jpeg,
72,C:\Pneumonia_Project\chest_xray\test\NORMAL\NORMAL2-IM-0019-0001.jpeg,0,0,0.05416484549641609,0,0.1879068911075592,1.0,C:\Pneumonia_Project\gradcam_outputs\orig_0072_NORMAL2-IM-0019-0001.jpeg,
73,C:\Pneumonia_Project\chest_xray\test\NORMAL\NORMAL2-IM-0023-0001.jpeg,0,0,0.024744946509599686,0,0.15179887413978577,1.0,C:\Pneumonia_Project\gradcam_outputs\orig_0073_NORMAL2-IM-0023-0001.jpeg,
74,C:\Pneumonia_Project\chest_xray\test\NORMAL\NORMAL2-IM-0027-0001.jpeg,0,0,0.0381762869656086,0,0.1341782510280609,1.0,C:\Pneumonia_Project\gradcam_outputs\orig_0074_NORMAL2-IM-0027-0001.jpeg,
75,C:\Pneumonia_Project\chest_xray\test\NORMAL\NORMAL2-IM-0028-0001.jpeg,0,0,0.010982046835124493,0,0.15053223073482513,1.0,C:\Pneumonia_Project\gradcam_outputs\orig_0075_NORMAL2-IM-0028-0001.jpeg,
76,C:\Pneumonia_Project\chest_xray\test\NORMAL\NORMAL2-IM-0029-0001.jpeg,0,0,0.002688885433599353,0,0.05134870111942291,1.0,C:\Pneumonia_Project\gradcam_outputs\orig_0076_NORMAL2-IM-0029-0001.jpeg,
77,C:\Pneumonia_Project\chest_xray\test\NORMAL\NORMAL2-IM-0030-0001.jpeg,0,0,0.044094037264585495,0,0.15746359527111053,1.0,C:\Pneumonia_Project\gradcam_outputs\orig_0077_NORMAL2-IM-0030-0001.jpeg,
78,C:\Pneumonia_Project\chest_xray\test\NORMAL\NORMAL2-IM-0033-0001.jpeg,0,0,0.00820937193930149,0,0.07762441784143448,1.0,C:\Pneumonia_Project\gradcam_outputs\orig_0078_NORMAL2-IM-0033-0001.jpeg,
79,C:\Pneumonia_Project\chest_xray\test\NORMAL\NORMAL2-IM-0035-0001.jpeg,0,0,0.18476182222366333,0,0.22258807718753815,1.0,C:\Pneumonia_Project\gradcam_outputs\orig_0079_NORMAL2-IM-0035-0001.jpeg,
80,C:\Pneumonia_Project\chest_xray\test\NORMAL\NORMAL2-IM-0041-0001.jpeg,0,0,0.040580134838819504,0,0.14631426334381104,1.0,C:\Pneumonia_Project\gradcam_outputs\orig_0080_NORMAL2-IM-0041-0001.jpeg,
81,C:\Pneumonia_Project\chest_xray\test\NORMAL\NORMAL2-IM-0045-0001.jpeg,0,0,0.0446358360350132,0,0.17940916121006012,1.0,C:\Pneumonia_Project\gradcam_outputs\orig_0081_NORMAL2-IM-0045-0001.jpeg,
82,C:\Pneumonia_Project\chest_xray\test\NORMAL\NORMAL2-IM-0051-0001.jpeg,0,0,0.009360682219266891,0,0.1426977515220642,1.0,C:\Pneumonia_Project\gradcam_outputs\orig_0082_NORMAL2-IM-0051-0001.jpeg,
83,C:\Pneumonia_Project\chest_xray\test\NORMAL\NORMAL2-IM-0052-0001.jpeg,0,0,0.05223053693771362,0,0.16607695817947388,1.0,C:\Pneumonia_Project\gradcam_outputs\orig_0083_NORMAL2-IM-0052-0001.jpeg,
84,C:\Pneumonia_Project\chest_xray\test\NORMAL\NORMAL2-IM-0058-0001.jpeg,0,0,0.03781796991825104,0,0.1815141886472702,1.0,C:\Pneumonia_Project\gradcam_outputs\orig_0084_NORMAL2-IM-0058-0001.jpeg,
85,C:\Pneumonia_Project\chest_xray\test\NORMAL\NORMAL2-IM-0059-0001.jpeg,0,0,0.2281087189912796,0,0.2914693355560303,1.0,C:\Pneumonia_Project\gradcam_outputs\orig_0085_NORMAL2-IM-0059-0001.jpeg,
86,C:\Pneumonia_Project\chest_xray\test\NORMAL\NORMAL2-IM-0060-0001.jpeg,0,0,0.012816562317311764,0,0.11997164040803909,1.0,C:\Pneumonia_Project\gradcam_outputs\orig_0086_NORMAL2-IM-0060-0001.jpeg,
87,C:\Pneumonia_Project\chest_xray\test\NORMAL\NORMAL2-IM-0066-0001.jpeg,0,0,0.15097089111804962,0,0.2947383522987366,1.0,C:\Pneumonia_Project\gradcam_outputs\orig_0087_NORMAL2-IM-0066-0001.jpeg,
88,C:\Pneumonia_Project\chest_xray\test\NORMAL\NORMAL2-IM-0072-0001.jpeg,0,0,0.18337683379650116,0,0.22256308794021606,1.0,C:\Pneumonia_Project\gradcam_outputs\orig_0088_NORMAL2-IM-0072-0001.jpeg,
89,C:\Pneumonia_Project\chest_xray\test\NORMAL\NORMAL2-IM-0073-0001.jpeg,0,0,0.36586081981658936,1,0.4256378412246704,1.0,C:\Pneumonia_Project\gradcam_outputs\orig_0089_NORMAL2-IM-0073-0001.jpeg,C:\Pneumonia_Project\gradcam_outputs\overlay_0089_NORMAL2-IM-0073-0001.jpeg
90,C:\Pneumonia_Project\chest_xray\test\NORMAL\NORMAL2-IM-0079-0001.jpeg,0,0,0.033515844494104385,0,0.13176165521144867,1.0,C:\Pneumonia_Project\gradcam_outputs\orig_0090_NORMAL2-IM-0079-0001.jpeg,
91,C:\Pneumonia_Project\chest_xray\test\NORMAL\NORMAL2-IM-0081-0001.jpeg,0,0,0.011222993023693562,0,0.13426649570465088,1.0,C:\Pneumonia_Project\gradcam_outputs\orig_0091_NORMAL2-IM-0081-0001.jpeg,
92,C:\Pneumonia_Project\chest_xray\test\NORMAL\NORMAL2-IM-0086-0001.jpeg,0,0,0.019809555262327194,0,0.11649716645479202,1.0,C:\Pneumonia_Project\gradcam_outputs\orig_0092_NORMAL2-IM-0086-0001.jpeg,
93,C:\Pneumonia_Project\chest_xray\test\NORMAL\NORMAL2-IM-0092-0001.jpeg,0,0,0.14736616611480713,0,0.24683256447315216,1.0,C:\Pneumonia_Project\gradcam_outputs\orig_0093_NORMAL2-IM-0092-0001.jpeg,
94,C:\Pneumonia_Project\chest_xray\test\NORMAL\NORMAL2-IM-0095-0001.jpeg,0,0,0.0693214163184166,0,0.22892498970031738,1.0,C:\Pneumonia_Project\gradcam_outputs\orig_0094_NORMAL2-IM-0095-0001.jpeg,
95,C:\Pneumonia_Project\chest_xray\test\NORMAL\NORMAL2-IM-0096-0001.jpeg,0,0,0.0693214163184166,0,0.22892498970031738,1.0,C:\Pneumonia_Project\gradcam_outputs\orig_0095_NORMAL2-IM-0096-0001.jpeg,
96,C:\Pneumonia_Project\chest_xray\test\NORMAL\NORMAL2-IM-0098-0001.jpeg,0,0,0.0019134633475914598,0,0.14873182773590088,1.0,C:\Pneumonia_Project\gradcam_outputs\orig_0096_NORMAL2-IM-0098-0001.jpeg,
97,C:\Pneumonia_Project\chest_xray\test\NORMAL\NORMAL2-IM-0102-0001.jpeg,0,0,0.24089868366718292,0,0.290450781583786,1.0,C:\Pneumonia_Project\gradcam_outputs\orig_0097_NORMAL2-IM-0102-0001.jpeg,
98,C:\Pneumonia_Project\chest_xray\test\NORMAL\NORMAL2-IM-0105-0001.jpeg,0,0,0.06428257375955582,0,0.20798523724079132,1.0,C:\Pneumonia_Project\gradcam_outputs\orig_0098_NORMAL2-IM-0105-0001.jpeg,
99,C:\Pneumonia_Project\chest_xray\test\NORMAL\NORMAL2-IM-0107-0001.jpeg,0,0,0.03837408497929573,0,0.10266896337270737,1.0,C:\Pneumonia_Project\gradcam_outputs\orig_0099_NORMAL2-IM-0107-0001.jpeg,
100,C:\Pneumonia_Project\chest_xray\test\NORMAL\NORMAL2-IM-0110-0001.jpeg,0,0,0.003751382464542985,0,0.08378943055868149,1.0,C:\Pneumonia_Project\gradcam_outputs\orig_0100_NORMAL2-IM-0110-0001.jpeg,
101,C:\Pneumonia_Project\chest_xray\test\NORMAL\NORMAL2-IM-0111-0001.jpeg,0,0,0.06128016114234924,0,0.20701903104782104,1.0,C:\Pneumonia_Project\gradcam_outputs\orig_0101_NORMAL2-IM-0111-0001.jpeg,
102,C:\Pneumonia_Project\chest_xray\test\NORMAL\NORMAL2-IM-0112-0001.jpeg,0,0,0.05165756866335869,0,0.14518147706985474,1.0,C:\Pneumonia_Project\gradcam_outputs\orig_0102_NORMAL2-IM-0112-0001.jpeg,
103,C:\Pneumonia_Project\chest_xray\test\NORMAL\NORMAL2-IM-0117-0001.jpeg,0,0,0.1820487678050995,0,0.29506343603134155,1.0,C:\Pneumonia_Project\gradcam_outputs\orig_0103_NORMAL2-IM-0117-0001.jpeg,
104,C:\Pneumonia_Project\chest_xray\test\NORMAL\NORMAL2-IM-0120-0001.jpeg,0,0,0.13328690826892853,0,0.2095673680305481,1.0,C:\Pneumonia_Project\gradcam_outputs\orig_0104_NORMAL2-IM-0120-0001.jpeg,
105,C:\Pneumonia_Project\chest_xray\test\NORMAL\NORMAL2-IM-0123-0001.jpeg,0,0,0.05036573112010956,0,0.12705256044864655,1.0,C:\Pneumonia_Project\gradcam_outputs\orig_0105_NORMAL2-IM-0123-0001.jpeg,
106,C:\Pneumonia_Project\chest_xray\test\NORMAL\NORMAL2-IM-0129-0001.jpeg,0,0,0.018456770107150078,0,0.16614475846290588,1.0,C:\Pneumonia_Project\gradcam_outputs\orig_0106_NORMAL2-IM-0129-0001.jpeg,
107,C:\Pneumonia_Project\chest_xray\test\NORMAL\NORMAL2-IM-0130-0001.jpeg,0,0,0.018607040867209435,0,0.12235681712627411,1.0,C:\Pneumonia_Project\gradcam_outputs\orig_0107_NORMAL2-IM-0130-0001.jpeg,
108,C:\Pneumonia_Project\chest_xray\test\NORMAL\NORMAL2-IM-0131-0001.jpeg,0,0,0.04291076213121414,0,0.12838459014892578,1.0,C:\Pneumonia_Project\gradcam_outputs\orig_0108_NORMAL2-IM-0131-0001.jpeg,
109,C:\Pneumonia_Project\chest_xray\test\NORMAL\NORMAL2-IM-0132-0001.jpeg,0,0,0.02970200963318348,0,0.10587672889232635,1.0,C:\Pneumonia_Project\gradcam_outputs\orig_0109_NORMAL2-IM-0132-0001.jpeg,
110,C:\Pneumonia_Project\chest_xray\test\NORMAL\NORMAL2-IM-0135-0001.jpeg,0,0,0.026304028928279877,0,0.142539843916893,1.0,C:\Pneumonia_Project\gradcam_outputs\orig_0110_NORMAL2-IM-0135-0001.jpeg,
111,C:\Pneumonia_Project\chest_xray\test\NORMAL\NORMAL2-IM-0139-0001.jpeg,0,0,0.02085905522108078,0,0.14099974930286407,1.0,C:\Pneumonia_Project\gradcam_outputs\orig_0111_NORMAL2-IM-0139-0001.jpeg,
112,C:\Pneumonia_Project\chest_xray\test\NORMAL\NORMAL2-IM-0141-0001.jpeg,0,0,0.002919668797403574,0,0.04884863272309303,1.0,C:\Pneumonia_Project\gradcam_outputs\orig_0112_NORMAL2-IM-0141-0001.jpeg,
113,C:\Pneumonia_Project\chest_xray\test\NORMAL\NORMAL2-IM-0145-0001.jpeg,0,0,0.2512664198875427,1,0.36563894152641296,1.0,C:\Pneumonia_Project\gradcam_outputs\orig_0113_NORMAL2-IM-0145-0001.jpeg,C:\Pneumonia_Project\gradcam_outputs\overlay_0113_NORMAL2-IM-0145-0001.jpeg
114,C:\Pneumonia_Project\chest_xray\test\NORMAL\NORMAL2-IM-0146-0001.jpeg,0,0,0.020600885152816772,0,0.09826434403657913,1.0,C:\Pneumonia_Project\gradcam_outputs\orig_0114_NORMAL2-IM-0146-0001.jpeg,
115,C:\Pneumonia_Project\chest_xray\test\NORMAL\NORMAL2-IM-0150-0001.jpeg,0,0,0.13593558967113495,0,0.27314192056655884,1.0,C:\Pneumonia_Project\gradcam_outputs\orig_0115_NORMAL2-IM-0150-0001.jpeg,
116,C:\Pneumonia_Project\chest_xray\test\NORMAL\NORMAL2-IM-0171-0001.jpeg,0,0,0.06004660576581955,0,0.11074811220169067,1.0,C:\Pneumonia_Project\gradcam_outputs\orig_0116_NORMAL2-IM-0171-0001.jpeg,
117,C:\Pneumonia_Project\chest_xray\test\NORMAL\NORMAL2-IM-0173-0001-0001.jpeg,0,0,0.14589466154575348,0,0.2579016387462616,1.0,C:\Pneumonia_Project\gradcam_outputs\orig_0117_NORMAL2-IM-0173-0001-0001.jpeg,
118,C:\Pneumonia_Project\chest_xray\test\NORMAL\NORMAL2-IM-0173-0001-0002.jpeg,0,0,0.14589466154575348,0,0.2579016387462616,1.0,C:\Pneumonia_Project\gradcam_outputs\orig_0118_NORMAL2-IM-0173-0001-0002.jpeg,
119,C:\Pneumonia_Project\chest_xray\test\NORMAL\NORMAL2-IM-0195-0001.jpeg,0,1,0.8734331727027893,1,0.4349474608898163,1.0,C:\Pneumonia_Project\gradcam_outputs\orig_0119_NORMAL2-IM-0195-0001.jpeg,C:\Pneumonia_Project\gradcam_outputs\overlay_0119_NORMAL2-IM-0195-0001.jpeg
120,C:\Pneumonia_Project\chest_xray\test\NORMAL\NORMAL2-IM-0196-0001.jpeg,0,0,0.05851024016737938,0,0.19009853899478912,1.0,C:\Pneumonia_Project\gradcam_outputs\orig_0120_NORMAL2-IM-0196-0001.jpeg,
121,C:\Pneumonia_Project\chest_xray\test\NORMAL\NORMAL2-IM-0198-0001.jpeg,0,0,0.16967488825321198,0,0.18343952298164368,1.0,C:\Pneumonia_Project\gradcam_outputs\orig_0121_NORMAL2-IM-0198-0001.jpeg,
122,C:\Pneumonia_Project\chest_xray\test\NORMAL\NORMAL2-IM-0199-0001.jpeg,0,0,0.15420344471931458,0,0.14923478662967682,1.0,C:\Pneumonia_Project\gradcam_outputs\orig_0122_NORMAL2-IM-0199-0001.jpeg,
123,C:\Pneumonia_Project\chest_xray\test\NORMAL\NORMAL2-IM-0201-0001.jpeg,0,0,0.467898428440094,1,0.2622643709182739,1.0,C:\Pneumonia_Project\gradcam_outputs\orig_0123_NORMAL2-IM-0201-0001.jpeg,C:\Pneumonia_Project\gradcam_outputs\overlay_0123_NORMAL2-IM-0201-0001.jpeg
124,C:\Pneumonia_Project\chest_xray\test\NORMAL\NORMAL2-IM-0206-0001.jpeg,0,0,0.38721364736557007,1,0.20896561443805695,1.0,C:\Pneumonia_Project\gradcam_outputs\orig_0124_NORMAL2-IM-0206-0001.jpeg,C:\Pneumonia_Project\gradcam_outputs\overlay_0124_NORMAL2-IM-0206-0001.jpeg
125,C:\Pneumonia_Project\chest_xray\test\NORMAL\NORMAL2-IM-0207-0001.jpeg,0,0,0.041580259799957275,0,0.12990817427635193,1.0,C:\Pneumonia_Project\gradcam_outputs\orig_0125_NORMAL2-IM-0207-0001.jpeg,
126,C:\Pneumonia_Project\chest_xray\test\NORMAL\NORMAL2-IM-0210-0001.jpeg,0,0,0.35557296872138977,1,0.23360827565193176,1.0,C:\Pneumonia_Project\gradcam_outputs\orig_0126_NORMAL2-IM-0210-0001.jpeg,C:\Pneumonia_Project\gradcam_outputs\overlay_0126_NORMAL2-IM-0210-0001.jpeg
127,C:\Pneumonia_Project\chest_xray\test\NORMAL\NORMAL2-IM-0213-0001.jpeg,0,0,0.048319775611162186,0,0.1671862155199051,1.0,C:\Pneumonia_Project\gradcam_outputs\orig_0127_NORMAL2-IM-0213-0001.jpeg,
128,C:\Pneumonia_Project\chest_xray\test\NORMAL\NORMAL2-IM-0217-0001.jpeg,0,0,0.4101763665676117,1,0.21294717490673065,1.0,C:\Pneumonia_Project\gradcam_outputs\orig_0128_NORMAL2-IM-0217-0001.jpeg,C:\Pneumonia_Project\gradcam_outputs\overlay_0128_NORMAL2-IM-0217-0001.jpeg
129,C:\Pneumonia_Project\chest_xray\test\NORMAL\NORMAL2-IM-0219-0001.jpeg,0,0,0.41102638840675354,1,0.3727231025695801,1.0,C:\Pneumonia_Project\gradcam_outputs\orig_0129_NORMAL2-IM-0219-0001.jpeg,C:\Pneumonia_Project\gradcam_outputs\overlay_0129_NORMAL2-IM-0219-0001.jpeg
130,C:\Pneumonia_Project\chest_xray\test\NORMAL\NORMAL2-IM-0221-0001.jpeg,0,0,0.7209146022796631,1,0.3856154680252075,1.0,C:\Pneumonia_Project\gradcam_outputs\orig_0130_NORMAL2-IM-0221-0001.jpeg,C:\Pneumonia_Project\gradcam_outputs\overlay_0130_NORMAL2-IM-0221-0001.jpeg
131,C:\Pneumonia_Project\chest_xray\test\NORMAL\NORMAL2-IM-0222-0001.jpeg,0,0,0.5275819301605225,1,0.4155828058719635,1.0,C:\Pneumonia_Project\gradcam_outputs\orig_0131_NORMAL2-IM-0222-0001.jpeg,C:\Pneumonia_Project\gradcam_outputs\overlay_0131_NORMAL2-IM-0222-0001.jpeg
132,C:\Pneumonia_Project\chest_xray\test\NORMAL\NORMAL2-IM-0229-0001.jpeg,0,0,0.5944368839263916,1,0.33950990438461304,1.0,C:\Pneumonia_Project\gradcam_outputs\orig_0132_NORMAL2-IM-0229-0001.jpeg,C:\Pneumonia_Project\gradcam_outputs\overlay_0132_NORMAL2-IM-0229-0001.jpeg
133,C:\Pneumonia_Project\chest_xray\test\NORMAL\NORMAL2-IM-0232-0001.jpeg,0,0,0.8099604845046997,1,0.46079716086387634,1.0,C:\Pneumonia_Project\gradcam_outputs\orig_0133_NORMAL2-IM-0232-0001.jpeg,C:\Pneumonia_Project\gradcam_outputs\overlay_0133_NORMAL2-IM-0232-0001.jpeg
134,C:\Pneumonia_Project\chest_xray\test\NORMAL\NORMAL2-IM-0233-0001.jpeg,0,0,0.4726576805114746,1,0.2575380802154541,1.0,C:\Pneumonia_Project\gradcam_outputs\orig_0134_NORMAL2-IM-0233-0001.jpeg,C:\Pneumonia_Project\gradcam_outputs\overlay_0134_NORMAL2-IM-0233-0001.jpeg
135,C:\Pneumonia_Project\chest_xray\test\NORMAL\NORMAL2-IM-0237-0001.jpeg,0,0,0.4651125967502594,1,0.2149372547864914,1.0,C:\Pneumonia_Project\gradcam_outputs\orig_0135_NORMAL2-IM-0237-0001.jpeg,C:\Pneumonia_Project\gradcam_outputs\overlay_0135_NORMAL2-IM-0237-0001.jpeg
136,C:\Pneumonia_Project\chest_xray\test\NORMAL\NORMAL2-IM-0238-0001.jpeg,0,1,0.8827319741249084,1,0.42343151569366455,1.0,C:\Pneumonia_Project\gradcam_outputs\orig_0136_NORMAL2-IM-0238-0001.jpeg,C:\Pneumonia_Project\gradcam_outputs\overlay_0136_NORMAL2-IM-0238-0001.jpeg
137,C:\Pneumonia_Project\chest_xray\test\NORMAL\NORMAL2-IM-0241-0001.jpeg,0,0,0.022528156638145447,0,0.127393439412117,1.0,C:\Pneumonia_Project\gradcam_outputs\orig_0137_NORMAL2-IM-0241-0001.jpeg,
138,C:\Pneumonia_Project\chest_xray\test\NORMAL\NORMAL2-IM-0246-0001-0001.jpeg,0,0,0.25084635615348816,1,0.20782311260700226,1.0,C:\Pneumonia_Project\gradcam_outputs\orig_0138_NORMAL2-IM-0246-0001-0001.jpeg,C:\Pneumonia_Project\gradcam_outputs\overlay_0138_NORMAL2-IM-0246-0001-0001.jpeg
139,C:\Pneumonia_Project\chest_xray\test\NORMAL\NORMAL2-IM-0246-0001-0002.jpeg,0,0,0.25084635615348816,1,0.20782311260700226,1.0,C:\Pneumonia_Project\gradcam_outputs\orig_0139_NORMAL2-IM-0246-0001-0002.jpeg,C:\Pneumonia_Project\gradcam_outputs\overlay_0139_NORMAL2-IM-0246-0001-0002.jpeg
140,C:\Pneumonia_Project\chest_xray\test\NORMAL\NORMAL2-IM-0246-0001.jpeg,0,1,0.8490111827850342,1,0.4191744029521942,1.0,C:\Pneumonia_Project\gradcam_outputs\orig_0140_NORMAL2-IM-0246-0001.jpeg,C:\Pneumonia_Project\gradcam_outputs\overlay_0140_NORMAL2-IM-0246-0001.jpeg
141,C:\Pneumonia_Project\chest_xray\test\NORMAL\NORMAL2-IM-0249-0001.jpeg,0,0,0.7180591821670532,1,0.5572700500488281,1.0,C:\Pneumonia_Project\gradcam_outputs\orig_0141_NORMAL2-IM-0249-0001.jpeg,C:\Pneumonia_Project\gradcam_outputs\overlay_0141_NORMAL2-IM-0249-0001.jpeg
142,C:\Pneumonia_Project\chest_xray\test\NORMAL\NORMAL2-IM-0251-0001.jpeg,0,0,0.43762317299842834,1,0.40363848209381104,1.0,C:\Pneumonia_Project\gradcam_outputs\orig_0142_NORMAL2-IM-0251-0001.jpeg,C:\Pneumonia_Project\gradcam_outputs\overlay_0142_NORMAL2-IM-0251-0001.jpeg
143,C:\Pneumonia_Project\chest_xray\test\NORMAL\NORMAL2-IM-0252-0001.jpeg,0,1,0.8931825757026672,1,0.46369248628616333,1.0,C:\Pneumonia_Project\gradcam_outputs\orig_0143_NORMAL2-IM-0252-0001.jpeg,C:\Pneumonia_Project\gradcam_outputs\overlay_0143_NORMAL2-IM-0252-0001.jpeg
144,C:\Pneumonia_Project\chest_xray\test\NORMAL\NORMAL2-IM-0256-0001.jpeg,0,1,0.9847227334976196,1,0.6537011861801147,1.0,C:\Pneumonia_Project\gradcam_outputs\orig_0144_NORMAL2-IM-0256-0001.jpeg,C:\Pneumonia_Project\gradcam_outputs\overlay_0144_NORMAL2-IM-0256-0001.jpeg
145,C:\Pneumonia_Project\chest_xray\test\NORMAL\NORMAL2-IM-0259-0001.jpeg,0,0,0.332302063703537,1,0.2649923264980316,1.0,C:\Pneumonia_Project\gradcam_outputs\orig_0145_NORMAL2-IM-0259-0001.jpeg,C:\Pneumonia_Project\gradcam_outputs\overlay_0145_NORMAL2-IM-0259-0001.jpeg
146,C:\Pneumonia_Project\chest_xray\test\NORMAL\NORMAL2-IM-0267-0001.jpeg,0,0,0.09883423894643784,0,0.14205989241600037,1.0,C:\Pneumonia_Project\gradcam_outputs\orig_0146_NORMAL2-IM-0267-0001.jpeg,
147,C:\Pneumonia_Project\chest_xray\test\NORMAL\NORMAL2-IM-0271-0001.jpeg,0,0,0.16236446797847748,0,0.28316742181777954,1.0,C:\Pneumonia_Project\gradcam_outputs\orig_0147_NORMAL2-IM-0271-0001.jpeg,
148,C:\Pneumonia_Project\chest_xray\test\NORMAL\NORMAL2-IM-0272-0001.jpeg,0,0,0.03332609310746193,0,0.13872763514518738,1.0,C:\Pneumonia_Project\gradcam_outputs\orig_0148_NORMAL2-IM-0272-0001.jpeg,
149,C:\Pneumonia_Project\chest_xray\test\NORMAL\NORMAL2-IM-0273-0001.jpeg,0,0,0.40023255348205566,1,0.3038652539253235,1.0,C:\Pneumonia_Project\gradcam_outputs\orig_0149_NORMAL2-IM-0273-0001.jpeg,C:\Pneumonia_Project\gradcam_outputs\overlay_0149_NORMAL2-IM-0273-0001.jpeg
150,C:\Pneumonia_Project\chest_xray\test\NORMAL\NORMAL2-IM-0274-0001.jpeg,0,0,0.006963459309190512,0,0.08076529949903488,1.0,C:\Pneumonia_Project\gradcam_outputs\orig_0150_NORMAL2-IM-0274-0001.jpeg,
151,C:\Pneumonia_Project\chest_xray\test\NORMAL\NORMAL2-IM-0275-0001.jpeg,0,0,0.04366905987262726,0,0.11664687097072601,1.0,C:\Pneumonia_Project\gradcam_outputs\orig_0151_NORMAL2-IM-0275-0001.jpeg,
152,C:\Pneumonia_Project\chest_xray\test\NORMAL\NORMAL2-IM-0276-0001.jpeg,0,0,0.09134524315595627,0,0.1493297815322876,1.0,C:\Pneumonia_Project\gradcam_outputs\orig_0152_NORMAL2-IM-0276-0001.jpeg,
153,C:\Pneumonia_Project\chest_xray\test\NORMAL\NORMAL2-IM-0277-0001.jpeg,0,0,0.04243707284331322,0,0.1807357221841812,1.0,C:\Pneumonia_Project\gradcam_outputs\orig_0153_NORMAL2-IM-0277-0001.jpeg,
154,C:\Pneumonia_Project\chest_xray\test\NORMAL\NORMAL2-IM-0278-0001.jpeg,0,0,0.07279777526855469,0,0.177642822265625,1.0,C:\Pneumonia_Project\gradcam_outputs\orig_0154_NORMAL2-IM-0278-0001.jpeg,
155,C:\Pneumonia_Project\chest_xray\test\NORMAL\NORMAL2-IM-0279-0001.jpeg,0,0,0.01800447702407837,0,0.11303510516881943,1.0,C:\Pneumonia_Project\gradcam_outputs\orig_0155_NORMAL2-IM-0279-0001.jpeg,
156,C:\Pneumonia_Project\chest_xray\test\NORMAL\NORMAL2-IM-0280-0001.jpeg,0,0,0.03758266940712929,0,0.1099294051527977,1.0,C:\Pneumonia_Project\gradcam_outputs\orig_0156_NORMAL2-IM-0280-0001.jpeg,
157,C:\Pneumonia_Project\chest_xray\test\NORMAL\NORMAL2-IM-0281-0001.jpeg,0,0,0.02882135473191738,0,0.10724678635597229,1.0,C:\Pneumonia_Project\gradcam_outputs\orig_0157_NORMAL2-IM-0281-0001.jpeg,
158,C:\Pneumonia_Project\chest_xray\test\NORMAL\NORMAL2-IM-0282-0001.jpeg,0,0,0.3208910822868347,1,0.34789666533470154,1.0,C:\Pneumonia_Project\gradcam_outputs\orig_0158_NORMAL2-IM-0282-0001.jpeg,C:\Pneumonia_Project\gradcam_outputs\overlay_0158_NORMAL2-IM-0282-0001.jpeg
159,C:\Pneumonia_Project\chest_xray\test\NORMAL\NORMAL2-IM-0283-0001.jpeg,0,0,0.3911541700363159,1,0.4000127613544464,1.0,C:\Pneumonia_Project\gradcam_outputs\orig_0159_NORMAL2-IM-0283-0001.jpeg,C:\Pneumonia_Project\gradcam_outputs\overlay_0159_NORMAL2-IM-0283-0001.jpeg
160,C:\Pneumonia_Project\chest_xray\test\NORMAL\NORMAL2-IM-0285-0001.jpeg,0,0,0.5771419405937195,1,0.47286978363990784,1.0,C:\Pneumonia_Project\gradcam_outputs\orig_0160_NORMAL2-IM-0285-0001.jpeg,C:\Pneumonia_Project\gradcam_outputs\overlay_0160_NORMAL2-IM-0285-0001.jpeg
161,C:\Pneumonia_Project\chest_xray\test\NORMAL\NORMAL2-IM-0286-0001.jpeg,0,0,0.03603236377239227,0,0.11787663400173187,1.0,C:\Pneumonia_Project\gradcam_outputs\orig_0161_NORMAL2-IM-0286-0001.jpeg,
162,C:\Pneumonia_Project\chest_xray\test\NORMAL\NORMAL2-IM-0287-0001.jpeg,0,0,0.11454198509454727,0,0.2362683266401291,1.0,C:\Pneumonia_Project\gradcam_outputs\orig_0162_NORMAL2-IM-0287-0001.jpeg,
163,C:\Pneumonia_Project\chest_xray\test\NORMAL\NORMAL2-IM-0288-0001.jpeg,0,0,0.1819044053554535,0,0.23439009487628937,1.0,C:\Pneumonia_Project\gradcam_outputs\orig_0163_NORMAL2-IM-0288-0001.jpeg,
164,C:\Pneumonia_Project\chest_xray\test\NORMAL\NORMAL2-IM-0289-0001.jpeg,0,0,0.02013983204960823,0,0.1353897601366043,1.0,C:\Pneumonia_Project\gradcam_outputs\orig_0164_NORMAL2-IM-0289-0001.jpeg,
165,C:\Pneumonia_Project\chest_xray\test\NORMAL\NORMAL2-IM-0290-0001.jpeg,0,0,0.06641041487455368,0,0.1494520604610443,1.0,C:\Pneumonia_Project\gradcam_outputs\orig_0165_NORMAL2-IM-0290-0001.jpeg,
166,C:\Pneumonia_Project\chest_xray\test\NORMAL\NORMAL2-IM-0292-0001.jpeg,0,0,0.11060117930173874,0,0.19359667599201202,1.0,C:\Pneumonia_Project\gradcam_outputs\orig_0166_NORMAL2-IM-0292-0001.jpeg,
167,C:\Pneumonia_Project\chest_xray\test\NORMAL\NORMAL2-IM-0294-0001.jpeg,0,0,0.08296504616737366,0,0.23605167865753174,1.0,C:\Pneumonia_Project\gradcam_outputs\orig_0167_NORMAL2-IM-0294-0001.jpeg,
168,C:\Pneumonia_Project\chest_xray\test\NORMAL\NORMAL2-IM-0297-0001.jpeg,0,0,0.1160440593957901,0,0.14360661804676056,1.0,C:\Pneumonia_Project\gradcam_outputs\orig_0168_NORMAL2-IM-0297-0001.jpeg,
169,C:\Pneumonia_Project\chest_xray\test\NORMAL\NORMAL2-IM-0300-0001.jpeg,0,0,0.0270351842045784,0,0.1296171247959137,1.0,C:\Pneumonia_Project\gradcam_outputs\orig_0169_NORMAL2-IM-0300-0001.jpeg,
170,C:\Pneumonia_Project\chest_xray\test\NORMAL\NORMAL2-IM-0301-0001.jpeg,0,0,0.08139844983816147,0,0.23942217230796814,1.0,C:\Pneumonia_Project\gradcam_outputs\orig_0170_NORMAL2-IM-0301-0001.jpeg,
171,C:\Pneumonia_Project\chest_xray\test\NORMAL\NORMAL2-IM-0302-0001.jpeg,0,0,0.12469450384378433,0,0.23631048202514648,1.0,C:\Pneumonia_Project\gradcam_outputs\orig_0171_NORMAL2-IM-0302-0001.jpeg,
172,C:\Pneumonia_Project\chest_xray\test\NORMAL\NORMAL2-IM-0303-0001.jpeg,0,0,0.10980943590402603,0,0.21684026718139648,1.0,C:\Pneumonia_Project\gradcam_outputs\orig_0172_NORMAL2-IM-0303-0001.jpeg,
173,C:\Pneumonia_Project\chest_xray\test\NORMAL\NORMAL2-IM-0304-0001.jpeg,0,0,0.03347903862595558,0,0.14023639261722565,1.0,C:\Pneumonia_Project\gradcam_outputs\orig_0173_NORMAL2-IM-0304-0001.jpeg,
174,C:\Pneumonia_Project\chest_xray\test\NORMAL\NORMAL2-IM-0305-0001.jpeg,0,0,0.29850244522094727,1,0.2431764304637909,1.0,C:\Pneumonia_Project\gradcam_outputs\orig_0174_NORMAL2-IM-0305-0001.jpeg,C:\Pneumonia_Project\gradcam_outputs\overlay_0174_NORMAL2-IM-0305-0001.jpeg
175,C:\Pneumonia_Project\chest_xray\test\NORMAL\NORMAL2-IM-0307-0001.jpeg,0,0,0.0028368534985929728,0,0.05478445440530777,1.0,C:\Pneumonia_Project\gradcam_outputs\orig_0175_NORMAL2-IM-0307-0001.jpeg,
176,C:\Pneumonia_Project\chest_xray\test\NORMAL\NORMAL2-IM-0309-0001.jpeg,0,0,0.025956904515624046,0,0.13321109116077423,1.0,C:\Pneumonia_Project\gradcam_outputs\orig_0176_NORMAL2-IM-0309-0001.jpeg,
177,C:\Pneumonia_Project\chest_xray\test\NORMAL\NORMAL2-IM-0310-0001.jpeg,0,0,0.042185477912425995,0,0.1887322962284088,1.0,C:\Pneumonia_Project\gradcam_outputs\orig_0177_NORMAL2-IM-0310-0001.jpeg,
178,C:\Pneumonia_Project\chest_xray\test\NORMAL\NORMAL2-IM-0311-0001.jpeg,0,0,0.02761317975819111,0,0.1298484206199646,1.0,C:\Pneumonia_Project\gradcam_outputs\orig_0178_NORMAL2-IM-0311-0001.jpeg,
179,C:\Pneumonia_Project\chest_xray\test\NORMAL\NORMAL2-IM-0312-0001.jpeg,0,0,0.04740145429968834,0,0.22726471722126007,1.0,C:\Pneumonia_Project\gradcam_outputs\orig_0179_NORMAL2-IM-0312-0001.jpeg,
180,C:\Pneumonia_Project\chest_xray\test\NORMAL\NORMAL2-IM-0313-0001.jpeg,0,0,0.036912932991981506,0,0.0854145735502243,1.0,C:\Pneumonia_Project\gradcam_outputs\orig_0180_NORMAL2-IM-0313-0001.jpeg,
181,C:\Pneumonia_Project\chest_xray\test\NORMAL\NORMAL2-IM-0315-0001.jpeg,0,0,0.658829391002655,1,0.4598117768764496,1.0,C:\Pneumonia_Project\gradcam_outputs\orig_0181_NORMAL2-IM-0315-0001.jpeg,C:\Pneumonia_Project\gradcam_outputs\overlay_0181_NORMAL2-IM-0315-0001.jpeg
182,C:\Pneumonia_Project\chest_xray\test\NORMAL\NORMAL2-IM-0316-0001.jpeg,0,0,0.18408529460430145,0,0.3889209032058716,1.0,C:\Pneumonia_Project\gradcam_outputs\orig_0182_NORMAL2-IM-0316-0001.jpeg,
183,C:\Pneumonia_Project\chest_xray\test\NORMAL\NORMAL2-IM-0317-0001.jpeg,0,0,0.01765909045934677,0,0.09780402481555939,1.0,C:\Pneumonia_Project\gradcam_outputs\orig_0183_NORMAL2-IM-0317-0001.jpeg,
184,C:\Pneumonia_Project\chest_xray\test\NORMAL\NORMAL2-IM-0319-0001.jpeg,0,0,0.07615815103054047,0,0.2369891256093979,1.0,C:\Pneumonia_Project\gradcam_outputs\orig_0184_NORMAL2-IM-0319-0001.jpeg,
185,C:\Pneumonia_Project\chest_xray\test\NORMAL\NORMAL2-IM-0321-0001.jpeg,0,0,0.01907169260084629,0,0.11955633759498596,1.0,C:\Pneumonia_Project\gradcam_outputs\orig_0185_NORMAL2-IM-0321-0001.jpeg,
186,C:\Pneumonia_Project\chest_xray\test\NORMAL\NORMAL2-IM-0322-0001.jpeg,0,0,0.1218610629439354,0,0.12924791872501373,1.0,C:\Pneumonia_Project\gradcam_outputs\orig_0186_NORMAL2-IM-0322-0001.jpeg,
187,C:\Pneumonia_Project\chest_xray\test\NORMAL\NORMAL2-IM-0323-0001.jpeg,0,0,0.010628842748701572,0,0.09270733594894409,1.0,C:\Pneumonia_Project\gradcam_outputs\orig_0187_NORMAL2-IM-0323-0001.jpeg,
188,C:\Pneumonia_Project\chest_xray\test\NORMAL\NORMAL2-IM-0325-0001.jpeg,0,0,0.21174940466880798,0,0.2498416006565094,1.0,C:\Pneumonia_Project\gradcam_outputs\orig_0188_NORMAL2-IM-0325-0001.jpeg,
189,C:\Pneumonia_Project\chest_xray\test\NORMAL\NORMAL2-IM-0326-0001.jpeg,0,0,0.03064926341176033,0,0.11618025600910187,1.0,C:\Pneumonia_Project\gradcam_outputs\orig_0189_NORMAL2-IM-0326-0001.jpeg,
190,C:\Pneumonia_Project\chest_xray\test\NORMAL\NORMAL2-IM-0327-0001.jpeg,0,0,0.23951949179172516,0,0.3460144102573395,1.0,C:\Pneumonia_Project\gradcam_outputs\orig_0190_NORMAL2-IM-0327-0001.jpeg,
191,C:\Pneumonia_Project\chest_xray\test\NORMAL\NORMAL2-IM-0328-0001.jpeg,0,0,0.015694916248321533,0,0.10419343411922455,1.0,C:\Pneumonia_Project\gradcam_outputs\orig_0191_NORMAL2-IM-0328-0001.jpeg,
192,C:\Pneumonia_Project\chest_xray\test\NORMAL\NORMAL2-IM-0329-0001.jpeg,0,0,0.03671930730342865,0,0.13902343809604645,1.0,C:\Pneumonia_Project\gradcam_outputs\orig_0192_NORMAL2-IM-0329-0001.jpeg,
193,C:\Pneumonia_Project\chest_xray\test\NORMAL\NORMAL2-IM-0330-0001.jpeg,0,0,0.32045087218284607,1,0.29706010222435,1.0,C:\Pneumonia_Project\gradcam_outputs\orig_0193_NORMAL2-IM-0330-0001.jpeg,C:\Pneumonia_Project\gradcam_outputs\overlay_0193_NORMAL2-IM-0330-0001.jpeg
194,C:\Pneumonia_Project\chest_xray\test\NORMAL\NORMAL2-IM-0331-0001.jpeg,0,0,0.030265076085925102,0,0.20429371297359467,1.0,C:\Pneumonia_Project\gradcam_outputs\orig_0194_NORMAL2-IM-0331-0001.jpeg,
195,C:\Pneumonia_Project\chest_xray\test\NORMAL\NORMAL2-IM-0332-0001.jpeg,0,0,0.03347943350672722,0,0.10878943651914597,1.0,C:\Pneumonia_Project\gradcam_outputs\orig_0195_NORMAL2-IM-0332-0001.jpeg,
196,C:\Pneumonia_Project\chest_xray\test\NORMAL\NORMAL2-IM-0333-0001.jpeg,0,0,0.056896090507507324,0,0.16649095714092255,1.0,C:\Pneumonia_Project\gradcam_outputs\orig_0196_NORMAL2-IM-0333-0001.jpeg,
197,C:\Pneumonia_Project\chest_xray\test\NORMAL\NORMAL2-IM-0335-0001.jpeg,0,0,0.05659015104174614,0,0.15605725347995758,1.0,C:\Pneumonia_Project\gradcam_outputs\orig_0197_NORMAL2-IM-0335-0001.jpeg,
198,C:\Pneumonia_Project\chest_xray\test\NORMAL\NORMAL2-IM-0336-0001.jpeg,0,0,0.4059269428253174,1,0.42473363876342773,1.0,C:\Pneumonia_Project\gradcam_outputs\orig_0198_NORMAL2-IM-0336-0001.jpeg,C:\Pneumonia_Project\gradcam_outputs\overlay_0198_NORMAL2-IM-0336-0001.jpeg
199,C:\Pneumonia_Project\chest_xray\test\NORMAL\NORMAL2-IM-0337-0001.jpeg,0,0,0.0014018039219081402,0,0.07054252177476883,1.0,C:\Pneumonia_Project\gradcam_outputs\orig_0199_NORMAL2-IM-0337-0001.jpeg,
200,C:\Pneumonia_Project\chest_xray\test\NORMAL\NORMAL2-IM-0338-0001.jpeg,0,0,0.22195060551166534,0,0.30208301544189453,1.0,C:\Pneumonia_Project\gradcam_outputs\orig_0200_NORMAL2-IM-0338-0001.jpeg,
201,C:\Pneumonia_Project\chest_xray\test\NORMAL\NORMAL2-IM-0339-0001.jpeg,0,0,0.025734374299645424,0,0.10138466954231262,1.0,C:\Pneumonia_Project\gradcam_outputs\orig_0201_NORMAL2-IM-0339-0001.jpeg,
202,C:\Pneumonia_Project\chest_xray\test\NORMAL\NORMAL2-IM-0340-0001.jpeg,0,0,0.34531474113464355,1,0.39699527621269226,1.0,C:\Pneumonia_Project\gradcam_outputs\orig_0202_NORMAL2-IM-0340-0001.jpeg,C:\Pneumonia_Project\gradcam_outputs\overlay_0202_NORMAL2-IM-0340-0001.jpeg
203,C:\Pneumonia_Project\chest_xray\test\NORMAL\NORMAL2-IM-0341-0001.jpeg,0,0,0.06631474941968918,0,0.1923351138830185,1.0,C:\Pneumonia_Project\gradcam_outputs\orig_0203_NORMAL2-IM-0341-0001.jpeg,
204,C:\Pneumonia_Project\chest_xray\test\NORMAL\NORMAL2-IM-0343-0001.jpeg,0,0,0.21883709728717804,0,0.36635440587997437,1.0,C:\Pneumonia_Project\gradcam_outputs\orig_0204_NORMAL2-IM-0343-0001.jpeg,
205,C:\Pneumonia_Project\chest_xray\test\NORMAL\NORMAL2-IM-0345-0001.jpeg,0,0,0.019839158281683922,0,0.052301790565252304,1.0,C:\Pneumonia_Project\gradcam_outputs\orig_0205_NORMAL2-IM-0345-0001.jpeg,
206,C:\Pneumonia_Project\chest_xray\test\NORMAL\NORMAL2-IM-0346-0001.jpeg,0,0,0.010521096177399158,0,0.14639991521835327,1.0,C:\Pneumonia_Project\gradcam_outputs\orig_0206_NORMAL2-IM-0346-0001.jpeg,
207,C:\Pneumonia_Project\chest_xray\test\NORMAL\NORMAL2-IM-0347-0001.jpeg,0,0,0.11324822902679443,0,0.19412420690059662,1.0,C:\Pneumonia_Project\gradcam_outputs\orig_0207_NORMAL2-IM-0347-0001.jpeg,
208,C:\Pneumonia_Project\chest_xray\test\NORMAL\NORMAL2-IM-0348-0001.jpeg,0,0,0.035095326602458954,0,0.1055910512804985,1.0,C:\Pneumonia_Project\gradcam_outputs\orig_0208_NORMAL2-IM-0348-0001.jpeg,
209,C:\Pneumonia_Project\chest_xray\test\NORMAL\NORMAL2-IM-0349-0001.jpeg,0,1,0.864865243434906,1,0.6294734477996826,1.0,C:\Pneumonia_Project\gradcam_outputs\orig_0209_NORMAL2-IM-0349-0001.jpeg,C:\Pneumonia_Project\gradcam_outputs\overlay_0209_NORMAL2-IM-0349-0001.jpeg
210,C:\Pneumonia_Project\chest_xray\test\NORMAL\NORMAL2-IM-0350-0001.jpeg,0,0,0.0432128980755806,0,0.09432709962129593,1.0,C:\Pneumonia_Project\gradcam_outputs\orig_0210_NORMAL2-IM-0350-0001.jpeg,
211,C:\Pneumonia_Project\chest_xray\test\NORMAL\NORMAL2-IM-0351-0001.jpeg,0,0,0.009854261763393879,0,0.0793810486793518,1.0,C:\Pneumonia_Project\gradcam_outputs\orig_0211_NORMAL2-IM-0351-0001.jpeg,
212,C:\Pneumonia_Project\chest_xray\test\NORMAL\NORMAL2-IM-0352-0001.jpeg,0,0,0.09945407509803772,0,0.17999190092086792,1.0,C:\Pneumonia_Project\gradcam_outputs\orig_0212_NORMAL2-IM-0352-0001.jpeg,
213,C:\Pneumonia_Project\chest_xray\test\NORMAL\NORMAL2-IM-0353-0001.jpeg,0,0,0.04673777148127556,0,0.13596153259277344,1.0,C:\Pneumonia_Project\gradcam_outputs\orig_0213_NORMAL2-IM-0353-0001.jpeg,
214,C:\Pneumonia_Project\chest_xray\test\NORMAL\NORMAL2-IM-0354-0001.jpeg,0,0,0.006509910803288221,0,0.07728338986635208,1.0,C:\Pneumonia_Project\gradcam_outputs\orig_0214_NORMAL2-IM-0354-0001.jpeg,
215,C:\Pneumonia_Project\chest_xray\test\NORMAL\NORMAL2-IM-0357-0001.jpeg,0,0,0.0017775943269953132,0,0.0702253207564354,1.0,C:\Pneumonia_Project\gradcam_outputs\orig_0215_NORMAL2-IM-0357-0001.jpeg,
216,C:\Pneumonia_Project\chest_xray\test\NORMAL\NORMAL2-IM-0359-0001.jpeg,0,0,0.29728981852531433,1,0.2280348688364029,1.0,C:\Pneumonia_Project\gradcam_outputs\orig_0216_NORMAL2-IM-0359-0001.jpeg,C:\Pneumonia_Project\gradcam_outputs\overlay_0216_NORMAL2-IM-0359-0001.jpeg
217,C:\Pneumonia_Project\chest_xray\test\NORMAL\NORMAL2-IM-0360-0001.jpeg,0,0,0.5253698825836182,1,0.34526029229164124,1.0,C:\Pneumonia_Project\gradcam_outputs\orig_0217_NORMAL2-IM-0360-0001.jpeg,C:\Pneumonia_Project\gradcam_outputs\overlay_0217_NORMAL2-IM-0360-0001.jpeg
218,C:\Pneumonia_Project\chest_xray\test\NORMAL\NORMAL2-IM-0361-0001.jpeg,0,0,0.36688941717147827,1,0.39496731758117676,1.0,C:\Pneumonia_Project\gradcam_outputs\orig_0218_NORMAL2-IM-0361-0001.jpeg,C:\Pneumonia_Project\gradcam_outputs\overlay_0218_NORMAL2-IM-0361-0001.jpeg
219,C:\Pneumonia_Project\chest_xray\test\NORMAL\NORMAL2-IM-0362-0001.jpeg,0,0,0.1745251566171646,0,0.41436687111854553,1.0,C:\Pneumonia_Project\gradcam_outputs\orig_0219_NORMAL2-IM-0362-0001.jpeg,
220,C:\Pneumonia_Project\chest_xray\test\NORMAL\NORMAL2-IM-0364-0001.jpeg,0,0,0.3046130836009979,1,0.3014180064201355,1.0,C:\Pneumonia_Project\gradcam_outputs\orig_0220_NORMAL2-IM-0364-0001.jpeg,C:\Pneumonia_Project\gradcam_outputs\overlay_0220_NORMAL2-IM-0364-0001.jpeg
221,C:\Pneumonia_Project\chest_xray\test\NORMAL\NORMAL2-IM-0366-0001.jpeg,0,0,0.16325511038303375,0,0.2876916825771332,1.0,C:\Pneumonia_Project\gradcam_outputs\orig_0221_NORMAL2-IM-0366-0001.jpeg,
222,C:\Pneumonia_Project\chest_xray\test\NORMAL\NORMAL2-IM-0368-0001.jpeg,0,0,0.14846959710121155,0,0.25207579135894775,1.0,C:\Pneumonia_Project\gradcam_outputs\orig_0222_NORMAL2-IM-0368-0001.jpeg,
223,C:\Pneumonia_Project\chest_xray\test\NORMAL\NORMAL2-IM-0369-0001.jpeg,0,0,0.17253099381923676,0,0.15782585740089417,1.0,C:\Pneumonia_Project\gradcam_outputs\orig_0223_NORMAL2-IM-0369-0001.jpeg,
224,C:\Pneumonia_Project\chest_xray\test\NORMAL\NORMAL2-IM-0370-0001.jpeg,0,0,0.005545216146856546,0,0.09697500616312027,1.0,C:\Pneumonia_Project\gradcam_outputs\orig_0224_NORMAL2-IM-0370-0001.jpeg,
225,C:\Pneumonia_Project\chest_xray\test\NORMAL\NORMAL2-IM-0372-0001.jpeg,0,0,0.011645999737083912,0,0.05534316226840019,1.0,C:\Pneumonia_Project\gradcam_outputs\orig_0225_NORMAL2-IM-0372-0001.jpeg,
226,C:\Pneumonia_Project\chest_xray\test\NORMAL\NORMAL2-IM-0373-0001.jpeg,0,0,0.5626550912857056,1,0.5347246527671814,1.0,C:\Pneumonia_Project\gradcam_outputs\orig_0226_NORMAL2-IM-0373-0001.jpeg,C:\Pneumonia_Project\gradcam_outputs\overlay_0226_NORMAL2-IM-0373-0001.jpeg
227,C:\Pneumonia_Project\chest_xray\test\NORMAL\NORMAL2-IM-0374-0001-0001.jpeg,0,0,0.01409488171339035,0,0.09023339301347733,1.0,C:\Pneumonia_Project\gradcam_outputs\orig_0227_NORMAL2-IM-0374-0001-0001.jpeg,
228,C:\Pneumonia_Project\chest_xray\test\NORMAL\NORMAL2-IM-0374-0001-0002.jpeg,0,0,0.22947517037391663,0,0.27199697494506836,1.0,C:\Pneumonia_Project\gradcam_outputs\orig_0228_NORMAL2-IM-0374-0001-0002.jpeg,
229,C:\Pneumonia_Project\chest_xray\test\NORMAL\NORMAL2-IM-0374-0001.jpeg,0,0,0.0021762000396847725,0,0.055934734642505646,1.0,C:\Pneumonia_Project\gradcam_outputs\orig_0229_NORMAL2-IM-0374-0001.jpeg,
230,C:\Pneumonia_Project\chest_xray\test\NORMAL\NORMAL2-IM-0376-0001.jpeg,0,0,0.15029756724834442,0,0.2837902307510376,1.0,C:\Pneumonia_Project\gradcam_outputs\orig_0230_NORMAL2-IM-0376-0001.jpeg,
231,C:\Pneumonia_Project\chest_xray\test\NORMAL\NORMAL2-IM-0378-0001.jpeg,0,0,0.041969988495111465,0,0.15812616050243378,1.0,C:\Pneumonia_Project\gradcam_outputs\orig_0231_NORMAL2-IM-0378-0001.jpeg,
232,C:\Pneumonia_Project\chest_xray\test\NORMAL\NORMAL2-IM-0380-0001.jpeg,0,0,0.10573862493038177,0,0.15139661729335785,1.0,C:\Pneumonia_Project\gradcam_outputs\orig_0232_NORMAL2-IM-0380-0001.jpeg,
233,C:\Pneumonia_Project\chest_xray\test\NORMAL\NORMAL2-IM-0381-0001.jpeg,0,0,0.1281086951494217,0,0.2975214719772339,1.0,C:\Pneumonia_Project\gradcam_outputs\orig_0233_NORMAL2-IM-0381-0001.jpeg,
234,C:\Pneumonia_Project\chest_xray\test\PNEUMONIA\person100_bacteria_475.jpeg,1,0,0.733859658241272,1,0.43864521384239197,1.0,C:\Pneumonia_Project\gradcam_outputs\orig_0234_person100_bacteria_475.jpeg,C:\Pneumonia_Project\gradcam_outputs\overlay_0234_person100_bacteria_475.jpeg
235,C:\Pneumonia_Project\chest_xray\test\PNEUMONIA\person100_bacteria_477.jpeg,1,1,0.8630167841911316,1,0.431867390871048,1.0,C:\Pneumonia_Project\gradcam_outputs\orig_0235_person100_bacteria_477.jpeg,C:\Pneumonia_Project\gradcam_outputs\overlay_0235_person100_bacteria_477.jpeg
236,C:\Pneumonia_Project\chest_xray\test\PNEUMONIA\person100_bacteria_478.jpeg,1,1,0.8450233936309814,1,0.4399661123752594,1.0,C:\Pneumonia_Project\gradcam_outputs\orig_0236_person100_bacteria_478.jpeg,C:\Pneumonia_Project\gradcam_outputs\overlay_0236_person100_bacteria_478.jpeg
237,C:\Pneumonia_Project\chest_xray\test\PNEUMONIA\person100_bacteria_479.jpeg,1,1,0.9942579865455627,1,0.663809597492218,1.0,C:\Pneumonia_Project\gradcam_outputs\orig_0237_person100_bacteria_479.jpeg,C:\Pneumonia_Project\gradcam_outputs\overlay_0237_person100_bacteria_479.jpeg
238,C:\Pneumonia_Project\chest_xray\test\PNEUMONIA\person100_bacteria_480.jpeg,1,0,0.7932311296463013,1,0.5173845291137695,1.0,C:\Pneumonia_Project\gradcam_outputs\orig_0238_person100_bacteria_480.jpeg,C:\Pneumonia_Project\gradcam_outputs\overlay_0238_person100_bacteria_480.jpeg
239,C:\Pneumonia_Project\chest_xray\test\PNEUMONIA\person100_bacteria_481.jpeg,1,1,0.9580150842666626,1,0.5535726547241211,1.0,C:\Pneumonia_Project\gradcam_outputs\orig_0239_person100_bacteria_481.jpeg,C:\Pneumonia_Project\gradcam_outputs\overlay_0239_person100_bacteria_481.jpeg
240,C:\Pneumonia_Project\chest_xray\test\PNEUMONIA\person100_bacteria_482.jpeg,1,1,0.8804699778556824,1,0.6070848703384399,1.0,C:\Pneumonia_Project\gradcam_outputs\orig_0240_person100_bacteria_482.jpeg,C:\Pneumonia_Project\gradcam_outputs\overlay_0240_person100_bacteria_482.jpeg
241,C:\Pneumonia_Project\chest_xray\test\PNEUMONIA\person101_bacteria_483.jpeg,1,1,0.9707103967666626,1,0.6555401682853699,1.0,C:\Pneumonia_Project\gradcam_outputs\orig_0241_person101_bacteria_483.jpeg,C:\Pneumonia_Project\gradcam_outputs\overlay_0241_person101_bacteria_483.jpeg
242,C:\Pneumonia_Project\chest_xray\test\PNEUMONIA\person101_bacteria_484.jpeg,1,1,0.8448390960693359,1,0.49390459060668945,1.0,C:\Pneumonia_Project\gradcam_outputs\orig_0242_person101_bacteria_484.jpeg,C:\Pneumonia_Project\gradcam_outputs\overlay_0242_person101_bacteria_484.jpeg
243,C:\Pneumonia_Project\chest_xray\test\PNEUMONIA\person101_bacteria_485.jpeg,1,1,0.9635608792304993,1,0.6239548921585083,1.0,C:\Pneumonia_Project\gradcam_outputs\orig_0243_person101_bacteria_485.jpeg,C:\Pneumonia_Project\gradcam_outputs\overlay_0243_person101_bacteria_485.jpeg
244,C:\Pneumonia_Project\chest_xray\test\PNEUMONIA\person101_bacteria_486.jpeg,1,1,0.987746000289917,1,0.6148677468299866,1.0,C:\Pneumonia_Project\gradcam_outputs\orig_0244_person101_bacteria_486.jpeg,C:\Pneumonia_Project\gradcam_outputs\overlay_0244_person101_bacteria_486.jpeg
245,C:\Pneumonia_Project\chest_xray\test\PNEUMONIA\person102_bacteria_487.jpeg,1,0,0.38393697142601013,1,0.3399973213672638,1.0,C:\Pneumonia_Project\gradcam_outputs\orig_0245_person102_bacteria_487.jpeg,C:\Pneumonia_Project\gradcam_outputs\overlay_0245_person102_bacteria_487.jpeg
246,C:\Pneumonia_Project\chest_xray\test\PNEUMONIA\person103_bacteria_488.jpeg,1,1,0.9956147074699402,1,0.6537350416183472,1.0,C:\Pneumonia_Project\gradcam_outputs\orig_0246_person103_bacteria_488.jpeg,C:\Pneumonia_Project\gradcam_outputs\overlay_0246_person103_bacteria_488.jpeg
247,C:\Pneumonia_Project\chest_xray\test\PNEUMONIA\person103_bacteria_489.jpeg,1,1,0.9711040258407593,1,0.498551607131958,1.0,C:\Pneumonia_Project\gradcam_outputs\orig_0247_person103_bacteria_489.jpeg,C:\Pneumonia_Project\gradcam_outputs\overlay_0247_person103_bacteria_489.jpeg
248,C:\Pneumonia_Project\chest_xray\test\PNEUMONIA\person103_bacteria_490.jpeg,1,0,0.488506942987442,1,0.42327260971069336,1.0,C:\Pneumonia_Project\gradcam_outputs\orig_0248_person103_bacteria_490.jpeg,C:\Pneumonia_Project\gradcam_outputs\overlay_0248_person103_bacteria_490.jpeg
249,C:\Pneumonia_Project\chest_xray\test\PNEUMONIA\person104_bacteria_491.jpeg,1,0,0.7597148418426514,1,0.4905065596103668,1.0,C:\Pneumonia_Project\gradcam_outputs\orig_0249_person104_bacteria_491.jpeg,C:\Pneumonia_Project\gradcam_outputs\overlay_0249_person104_bacteria_491.jpeg
250,C:\Pneumonia_Project\chest_xray\test\PNEUMONIA\person104_bacteria_492.jpeg,1,1,0.9743014574050903,1,0.6245745420455933,1.0,C:\Pneumonia_Project\gradcam_outputs\orig_0250_person104_bacteria_492.jpeg,C:\Pneumonia_Project\gradcam_outputs\overlay_0250_person104_bacteria_492.jpeg
251,C:\Pneumonia_Project\chest_xray\test\PNEUMONIA\person108_bacteria_504.jpeg,1,0,0.8161520957946777,1,0.5974552631378174,1.0,C:\Pneumonia_Project\gradcam_outputs\orig_0251_person108_bacteria_504.jpeg,C:\Pneumonia_Project\gradcam_outputs\overlay_0251_person108_bacteria_504.jpeg
252,C:\Pneumonia_Project\chest_xray\test\PNEUMONIA\person108_bacteria_506.jpeg,1,1,0.8874524831771851,1,0.6834433078765869,1.0,C:\Pneumonia_Project\gradcam_outputs\orig_0252_person108_bacteria_506.jpeg,C:\Pneumonia_Project\gradcam_outputs\overlay_0252_person108_bacteria_506.jpeg
253,C:\Pneumonia_Project\chest_xray\test\PNEUMONIA\person108_bacteria_507.jpeg,1,1,0.9154897332191467,1,0.6749018430709839,1.0,C:\Pneumonia_Project\gradcam_outputs\orig_0253_person108_bacteria_507.jpeg,C:\Pneumonia_Project\gradcam_outputs\overlay_0253_person108_bacteria_507.jpeg
254,C:\Pneumonia_Project\chest_xray\test\PNEUMONIA\person108_bacteria_511.jpeg,1,0,0.023522179573774338,0,0.17201323807239532,1.0,C:\Pneumonia_Project\gradcam_outputs\orig_0254_person108_bacteria_511.jpeg,
255,C:\Pneumonia_Project\chest_xray\test\PNEUMONIA\person109_bacteria_512.jpeg,1,0,0.04885014519095421,0,0.20362047851085663,1.0,C:\Pneumonia_Project\gradcam_outputs\orig_0255_person109_bacteria_512.jpeg,
256,C:\Pneumonia_Project\chest_xray\test\PNEUMONIA\person109_bacteria_513.jpeg,1,0,0.6342036724090576,1,0.4127650856971741,1.0,C:\Pneumonia_Project\gradcam_outputs\orig_0256_person109_bacteria_513.jpeg,C:\Pneumonia_Project\gradcam_outputs\overlay_0256_person109_bacteria_513.jpeg
257,C:\Pneumonia_Project\chest_xray\test\PNEUMONIA\person109_bacteria_517.jpeg,1,0,0.518060564994812,1,0.39426207542419434,1.0,C:\Pneumonia_Project\gradcam_outputs\orig_0257_person109_bacteria_517.jpeg,C:\Pneumonia_Project\gradcam_outputs\overlay_0257_person109_bacteria_517.jpeg
258,C:\Pneumonia_Project\chest_xray\test\PNEUMONIA\person109_bacteria_519.jpeg,1,0,0.5504760146141052,1,0.38603588938713074,1.0,C:\Pneumonia_Project\gradcam_outputs\orig_0258_person109_bacteria_519.jpeg,C:\Pneumonia_Project\gradcam_outputs\overlay_0258_person109_bacteria_519.jpeg
259,C:\Pneumonia_Project\chest_xray\test\PNEUMONIA\person109_bacteria_522.jpeg,1,0,0.3204224109649658,1,0.31237268447875977,1.0,C:\Pneumonia_Project\gradcam_outputs\orig_0259_person109_bacteria_522.jpeg,C:\Pneumonia_Project\gradcam_outputs\overlay_0259_person109_bacteria_522.jpeg
260,C:\Pneumonia_Project\chest_xray\test\PNEUMONIA\person109_bacteria_523.jpeg,1,1,0.8990970253944397,1,0.5385088920593262,1.0,C:\Pneumonia_Project\gradcam_outputs\orig_0260_person109_bacteria_523.jpeg,C:\Pneumonia_Project\gradcam_outputs\overlay_0260_person109_bacteria_523.jpeg
261,C:\Pneumonia_Project\chest_xray\test\PNEUMONIA\person109_bacteria_526.jpeg,1,1,0.9859997630119324,1,0.6100736856460571,1.0,C:\Pneumonia_Project\gradcam_outputs\orig_0261_person109_bacteria_526.jpeg,C:\Pneumonia_Project\gradcam_outputs\overlay_0261_person109_bacteria_526.jpeg
262,C:\Pneumonia_Project\chest_xray\test\PNEUMONIA\person109_bacteria_527.jpeg,1,1,0.9176923036575317,1,0.6068500876426697,1.0,C:\Pneumonia_Project\gradcam_outputs\orig_0262_person109_bacteria_527.jpeg,C:\Pneumonia_Project\gradcam_outputs\overlay_0262_person109_bacteria_527.jpeg
263,C:\Pneumonia_Project\chest_xray\test\PNEUMONIA\person109_bacteria_528.jpeg,1,0,0.7776565551757812,1,0.5187703371047974,1.0,C:\Pneumonia_Project\gradcam_outputs\orig_0263_person109_bacteria_528.jpeg,C:\Pneumonia_Project\gradcam_outputs\overlay_0263_person109_bacteria_528.jpeg
264,C:\Pneumonia_Project\chest_xray\test\PNEUMONIA\person10_virus_35.jpeg,1,1,0.8454279899597168,1,0.5388019680976868,1.0,C:\Pneumonia_Project\gradcam_outputs\orig_0264_person10_virus_35.jpeg,C:\Pneumonia_Project\gradcam_outputs\overlay_0264_person10_virus_35.jpeg
265,C:\Pneumonia_Project\chest_xray\test\PNEUMONIA\person110_bacteria_531.jpeg,1,1,0.8943723440170288,1,0.4948600232601166,1.0,C:\Pneumonia_Project\gradcam_outputs\orig_0265_person110_bacteria_531.jpeg,C:\Pneumonia_Project\gradcam_outputs\overlay_0265_person110_bacteria_531.jpeg
266,C:\Pneumonia_Project\chest_xray\test\PNEUMONIA\person111_bacteria_533.jpeg,1,1,0.9041115641593933,1,0.5368618369102478,1.0,C:\Pneumonia_Project\gradcam_outputs\orig_0266_person111_bacteria_533.jpeg,C:\Pneumonia_Project\gradcam_outputs\overlay_0266_person111_bacteria_533.jpeg
267,C:\Pneumonia_Project\chest_xray\test\PNEUMONIA\person111_bacteria_534.jpeg,1,1,0.9216560125350952,1,0.5576472878456116,1.0,C:\Pneumonia_Project\gradcam_outputs\orig_0267_person111_bacteria_534.jpeg,C:\Pneumonia_Project\gradcam_outputs\overlay_0267_person111_bacteria_534.jpeg
268,C:\Pneumonia_Project\chest_xray\test\PNEUMONIA\person111_bacteria_535.jpeg,1,1,0.9789354801177979,1,0.6658509373664856,1.0,C:\Pneumonia_Project\gradcam_outputs\orig_0268_person111_bacteria_535.jpeg,C:\Pneumonia_Project\gradcam_outputs\overlay_0268_person111_bacteria_535.jpeg
269,C:\Pneumonia_Project\chest_xray\test\PNEUMONIA\person111_bacteria_536.jpeg,1,1,0.928094744682312,1,0.6842491626739502,1.0,C:\Pneumonia_Project\gradcam_outputs\orig_0269_person111_bacteria_536.jpeg,C:\Pneumonia_Project\gradcam_outputs\overlay_0269_person111_bacteria_536.jpeg
270,C:\Pneumonia_Project\chest_xray\test\PNEUMONIA\person111_bacteria_537.jpeg,1,1,0.945439338684082,1,0.6343637108802795,1.0,C:\Pneumonia_Project\gradcam_outputs\orig_0270_person111_bacteria_537.jpeg,C:\Pneumonia_Project\gradcam_outputs\overlay_0270_person111_bacteria_537.jpeg
271,C:\Pneumonia_Project\chest_xray\test\PNEUMONIA\person112_bacteria_538.jpeg,1,0,0.7371870279312134,1,0.6044280529022217,1.0,C:\Pneumonia_Project\gradcam_outputs\orig_0271_person112_bacteria_538.jpeg,C:\Pneumonia_Project\gradcam_outputs\overlay_0271_person112_bacteria_538.jpeg
272,C:\Pneumonia_Project\chest_xray\test\PNEUMONIA\person112_bacteria_539.jpeg,1,0,0.629173219203949,1,0.6176596879959106,1.0,C:\Pneumonia_Project\gradcam_outputs\orig_0272_person112_bacteria_539.jpeg,C:\Pneumonia_Project\gradcam_outputs\overlay_0272_person112_bacteria_539.jpeg
273,C:\Pneumonia_Project\chest_xray\test\PNEUMONIA\person113_bacteria_540.jpeg,1,1,0.9753370881080627,1,0.6179147362709045,1.0,C:\Pneumonia_Project\gradcam_outputs\orig_0273_person113_bacteria_540.jpeg,C:\Pneumonia_Project\gradcam_outputs\overlay_0273_person113_bacteria_540.jpeg
274,C:\Pneumonia_Project\chest_xray\test\PNEUMONIA\person113_bacteria_541.jpeg,1,1,0.9468322992324829,1,0.6645632982254028,1.0,C:\Pneumonia_Project\gradcam_outputs\orig_0274_person113_bacteria_541.jpeg,C:\Pneumonia_Project\gradcam_outputs\overlay_0274_person113_bacteria_541.jpeg
275,C:\Pneumonia_Project\chest_xray\test\PNEUMONIA\person113_bacteria_542.jpeg,1,1,0.9935312867164612,1,0.6901780366897583,1.0,C:\Pneumonia_Project\gradcam_outputs\orig_0275_person113_bacteria_542.jpeg,C:\Pneumonia_Project\gradcam_outputs\overlay_0275_person113_bacteria_542.jpeg
276,C:\Pneumonia_Project\chest_xray\test\PNEUMONIA\person113_bacteria_543.jpeg,1,0,0.15497644245624542,0,0.19719091057777405,1.0,C:\Pneumonia_Project\gradcam_outputs\orig_0276_person113_bacteria_543.jpeg,
277,C:\Pneumonia_Project\chest_xray\test\PNEUMONIA\person114_bacteria_544.jpeg,1,1,0.9419717192649841,1,0.577803909778595,1.0,C:\Pneumonia_Project\gradcam_outputs\orig_0277_person114_bacteria_544.jpeg,C:\Pneumonia_Project\gradcam_outputs\overlay_0277_person114_bacteria_544.jpeg
278,C:\Pneumonia_Project\chest_xray\test\PNEUMONIA\person114_bacteria_545.jpeg,1,0,0.5020236372947693,1,0.41684669256210327,1.0,C:\Pneumonia_Project\gradcam_outputs\orig_0278_person114_bacteria_545.jpeg,C:\Pneumonia_Project\gradcam_outputs\overlay_0278_person114_bacteria_545.jpeg
279,C:\Pneumonia_Project\chest_xray\test\PNEUMONIA\person114_bacteria_546.jpeg,1,1,0.9473249316215515,1,0.6199266314506531,1.0,C:\Pneumonia_Project\gradcam_outputs\orig_0279_person114_bacteria_546.jpeg,C:\Pneumonia_Project\gradcam_outputs\overlay_0279_person114_bacteria_546.jpeg
280,C:\Pneumonia_Project\chest_xray\test\PNEUMONIA\person117_bacteria_553.jpeg,1,0,0.810002863407135,1,0.5825052857398987,1.0,C:\Pneumonia_Project\gradcam_outputs\orig_0280_person117_bacteria_553.jpeg,C:\Pneumonia_Project\gradcam_outputs\overlay_0280_person117_bacteria_553.jpeg
281,C:\Pneumonia_Project\chest_xray\test\PNEUMONIA\person117_bacteria_556.jpeg,1,0,0.7429428100585938,1,0.569747805595398,1.0,C:\Pneumonia_Project\gradcam_outputs\orig_0281_person117_bacteria_556.jpeg,C:\Pneumonia_Project\gradcam_outputs\overlay_0281_person117_bacteria_556.jpeg
282,C:\Pneumonia_Project\chest_xray\test\PNEUMONIA\person117_bacteria_557.jpeg,1,0,0.12025534361600876,0,0.22033287584781647,1.0,C:\Pneumonia_Project\gradcam_outputs\orig_0282_person117_bacteria_557.jpeg,
283,C:\Pneumonia_Project\chest_xray\test\PNEUMONIA\person118_bacteria_559.jpeg,1,0,0.7340667843818665,1,0.40937361121177673,1.0,C:\Pneumonia_Project\gradcam_outputs\orig_0283_person118_bacteria_559.jpeg,C:\Pneumonia_Project\gradcam_outputs\overlay_0283_person118_bacteria_559.jpeg
284,C:\Pneumonia_Project\chest_xray\test\PNEUMONIA\person118_bacteria_560.jpeg,1,0,0.4819292724132538,1,0.3195638358592987,1.0,C:\Pneumonia_Project\gradcam_outputs\orig_0284_person118_bacteria_560.jpeg,C:\Pneumonia_Project\gradcam_outputs\overlay_0284_person118_bacteria_560.jpeg
285,C:\Pneumonia_Project\chest_xray\test\PNEUMONIA\person119_bacteria_565.jpeg,1,1,0.977782666683197,1,0.6852495074272156,1.0,C:\Pneumonia_Project\gradcam_outputs\orig_0285_person119_bacteria_565.jpeg,C:\Pneumonia_Project\gradcam_outputs\overlay_0285_person119_bacteria_565.jpeg
286,C:\Pneumonia_Project\chest_xray\test\PNEUMONIA\person119_bacteria_566.jpeg,1,1,0.92844557762146,1,0.5381284356117249,1.0,C:\Pneumonia_Project\gradcam_outputs\orig_0286_person119_bacteria_566.jpeg,C:\Pneumonia_Project\gradcam_outputs\overlay_0286_person119_bacteria_566.jpeg
287,C:\Pneumonia_Project\chest_xray\test\PNEUMONIA\person119_bacteria_567.jpeg,1,0,0.3616824746131897,1,0.30091339349746704,1.0,C:\Pneumonia_Project\gradcam_outputs\orig_0287_person119_bacteria_567.jpeg,C:\Pneumonia_Project\gradcam_outputs\overlay_0287_person119_bacteria_567.jpeg
288,C:\Pneumonia_Project\chest_xray\test\PNEUMONIA\person119_bacteria_568.jpeg,1,0,0.1766057163476944,0,0.29072073101997375,1.0,C:\Pneumonia_Project\gradcam_outputs\orig_0288_person119_bacteria_568.jpeg,
289,C:\Pneumonia_Project\chest_xray\test\PNEUMONIA\person11_virus_38.jpeg,1,1,0.8693687915802002,1,0.5747169852256775,1.0,C:\Pneumonia_Project\gradcam_outputs\orig_0289_person11_virus_38.jpeg,C:\Pneumonia_Project\gradcam_outputs\overlay_0289_person11_virus_38.jpeg
290,C:\Pneumonia_Project\chest_xray\test\PNEUMONIA\person120_bacteria_570.jpeg,1,1,0.8929222822189331,1,0.5953437089920044,1.0,C:\Pneumonia_Project\gradcam_outputs\orig_0290_person120_bacteria_570.jpeg,C:\Pneumonia_Project\gradcam_outputs\overlay_0290_person120_bacteria_570.jpeg
291,C:\Pneumonia_Project\chest_xray\test\PNEUMONIA\person120_bacteria_571.jpeg,1,1,0.9759392738342285,1,0.6284761428833008,1.0,C:\Pneumonia_Project\gradcam_outputs\orig_0291_person120_bacteria_571.jpeg,C:\Pneumonia_Project\gradcam_outputs\overlay_0291_person120_bacteria_571.jpeg
292,C:\Pneumonia_Project\chest_xray\test\PNEUMONIA\person120_bacteria_572.jpeg,1,0,0.7307692766189575,1,0.35010969638824463,1.0,C:\Pneumonia_Project\gradcam_outputs\orig_0292_person120_bacteria_572.jpeg,C:\Pneumonia_Project\gradcam_outputs\overlay_0292_person120_bacteria_572.jpeg
293,C:\Pneumonia_Project\chest_xray\test\PNEUMONIA\person120_bacteria_573.jpeg,1,0,0.6230553984642029,1,0.37827685475349426,1.0,C:\Pneumonia_Project\gradcam_outputs\orig_0293_person120_bacteria_573.jpeg,C:\Pneumonia_Project\gradcam_outputs\overlay_0293_person120_bacteria_573.jpeg
294,C:\Pneumonia_Project\chest_xray\test\PNEUMONIA\person121_bacteria_575.jpeg,1,1,0.9519745111465454,1,0.5562878847122192,1.0,C:\Pneumonia_Project\gradcam_outputs\orig_0294_person121_bacteria_575.jpeg,C:\Pneumonia_Project\gradcam_outputs\overlay_0294_person121_bacteria_575.jpeg
295,C:\Pneumonia_Project\chest_xray\test\PNEUMONIA\person121_bacteria_576.jpeg,1,1,0.9838845133781433,1,0.6902639865875244,1.0,C:\Pneumonia_Project\gradcam_outputs\orig_0295_person121_bacteria_576.jpeg,C:\Pneumonia_Project\gradcam_outputs\overlay_0295_person121_bacteria_576.jpeg
296,C:\Pneumonia_Project\chest_xray\test\PNEUMONIA\person121_bacteria_578.jpeg,1,1,0.9599945545196533,1,0.6542836427688599,1.0,C:\Pneumonia_Project\gradcam_outputs\orig_0296_person121_bacteria_578.jpeg,C:\Pneumonia_Project\gradcam_outputs\overlay_0296_person121_bacteria_578.jpeg
297,C:\Pneumonia_Project\chest_xray\test\PNEUMONIA\person121_bacteria_579.jpeg,1,1,0.9690667390823364,1,0.620779812335968,1.0,C:\Pneumonia_Project\gradcam_outputs\orig_0297_person121_bacteria_579.jpeg,C:\Pneumonia_Project\gradcam_outputs\overlay_0297_person121_bacteria_579.jpeg
298,C:\Pneumonia_Project\chest_xray\test\PNEUMONIA\person121_bacteria_580.jpeg,1,0,0.7949395775794983,1,0.4910021424293518,1.0,C:\Pneumonia_Project\gradcam_outputs\orig_0298_person121_bacteria_580.jpeg,C:\Pneumonia_Project\gradcam_outputs\overlay_0298_person121_bacteria_580.jpeg
299,C:\Pneumonia_Project\chest_xray\test\PNEUMONIA\person122_bacteria_581.jpeg,1,0,0.5234835743904114,1,0.4769849479198456,1.0,C:\Pneumonia_Project\gradcam_outputs\orig_0299_person122_bacteria_581.jpeg,C:\Pneumonia_Project\gradcam_outputs\overlay_0299_person122_bacteria_581.jpeg
300,C:\Pneumonia_Project\chest_xray\test\PNEUMONIA\person122_bacteria_582.jpeg,1,1,0.9684941172599792,1,0.6454417109489441,1.0,C:\Pneumonia_Project\gradcam_outputs\orig_0300_person122_bacteria_582.jpeg,C:\Pneumonia_Project\gradcam_outputs\overlay_0300_person122_bacteria_582.jpeg
301,C:\Pneumonia_Project\chest_xray\test\PNEUMONIA\person122_bacteria_583.jpeg,1,1,0.96559739112854,1,0.5538097023963928,1.0,C:\Pneumonia_Project\gradcam_outputs\orig_0301_person122_bacteria_583.jpeg,C:\Pneumonia_Project\gradcam_outputs\overlay_0301_person122_bacteria_583.jpeg
302,C:\Pneumonia_Project\chest_xray\test\PNEUMONIA\person122_bacteria_584.jpeg,1,1,0.9676944017410278,1,0.5929712057113647,1.0,C:\Pneumonia_Project\gradcam_outputs\orig_0302_person122_bacteria_584.jpeg,C:\Pneumonia_Project\gradcam_outputs\overlay_0302_person122_bacteria_584.jpeg
303,C:\Pneumonia_Project\chest_xray\test\PNEUMONIA\person122_bacteria_585.jpeg,1,1,0.9887131452560425,1,0.6395149827003479,1.0,C:\Pneumonia_Project\gradcam_outputs\orig_0303_person122_bacteria_585.jpeg,C:\Pneumonia_Project\gradcam_outputs\overlay_0303_person122_bacteria_585.jpeg
304,C:\Pneumonia_Project\chest_xray\test\PNEUMONIA\person122_bacteria_586.jpeg,1,1,0.9908028841018677,1,0.728296160697937,1.0,C:\Pneumonia_Project\gradcam_outputs\orig_0304_person122_bacteria_586.jpeg,C:\Pneumonia_Project\gradcam_outputs\overlay_0304_person122_bacteria_586.jpeg
305,C:\Pneumonia_Project\chest_xray\test\PNEUMONIA\person123_bacteria_587.jpeg,1,1,0.893976628780365,1,0.523769736289978,1.0,C:\Pneumonia_Project\gradcam_outputs\orig_0305_person123_bacteria_587.jpeg,C:\Pneumonia_Project\gradcam_outputs\overlay_0305_person123_bacteria_587.jpeg
306,C:\Pneumonia_Project\chest_xray\test\PNEUMONIA\person124_bacteria_589.jpeg,1,1,0.9558469653129578,1,0.664453387260437,1.0,C:\Pneumonia_Project\gradcam_outputs\orig_0306_person124_bacteria_589.jpeg,C:\Pneumonia_Project\gradcam_outputs\overlay_0306_person124_bacteria_589.jpeg
307,C:\Pneumonia_Project\chest_xray\test\PNEUMONIA\person124_bacteria_590.jpeg,1,0,0.6579770445823669,1,0.5124765634536743,1.0,C:\Pneumonia_Project\gradcam_outputs\orig_0307_person124_bacteria_590.jpeg,C:\Pneumonia_Project\gradcam_outputs\overlay_0307_person124_bacteria_590.jpeg
308,C:\Pneumonia_Project\chest_xray\test\PNEUMONIA\person124_bacteria_591.jpeg,1,0,0.5377889275550842,1,0.5662258863449097,1.0,C:\Pneumonia_Project\gradcam_outputs\orig_0308_person124_bacteria_591.jpeg,C:\Pneumonia_Project\gradcam_outputs\overlay_0308_person124_bacteria_591.jpeg
309,C:\Pneumonia_Project\chest_xray\test\PNEUMONIA\person124_bacteria_592.jpeg,1,0,0.5532455444335938,1,0.47350838780403137,1.0,C:\Pneumonia_Project\gradcam_outputs\orig_0309_person124_bacteria_592.jpeg,C:\Pneumonia_Project\gradcam_outputs\overlay_0309_person124_bacteria_592.jpeg
310,C:\Pneumonia_Project\chest_xray\test\PNEUMONIA\person125_bacteria_594.jpeg,1,0,0.8241387009620667,1,0.6102085113525391,1.0,C:\Pneumonia_Project\gradcam_outputs\orig_0310_person125_bacteria_594.jpeg,C:\Pneumonia_Project\gradcam_outputs\overlay_0310_person125_bacteria_594.jpeg
311,C:\Pneumonia_Project\chest_xray\test\PNEUMONIA\person125_bacteria_595.jpeg,1,1,0.9385937452316284,1,0.6586447358131409,1.0,C:\Pneumonia_Project\gradcam_outputs\orig_0311_person125_bacteria_595.jpeg,C:\Pneumonia_Project\gradcam_outputs\overlay_0311_person125_bacteria_595.jpeg
312,C:\Pneumonia_Project\chest_xray\test\PNEUMONIA\person126_bacteria_598.jpeg,1,1,0.9840511083602905,1,0.6172122359275818,1.0,C:\Pneumonia_Project\gradcam_outputs\orig_0312_person126_bacteria_598.jpeg,C:\Pneumonia_Project\gradcam_outputs\overlay_0312_person126_bacteria_598.jpeg
313,C:\Pneumonia_Project\chest_xray\test\PNEUMONIA\person126_bacteria_599.jpeg,1,1,0.9080418944358826,1,0.6590012311935425,1.0,C:\Pneumonia_Project\gradcam_outputs\orig_0313_person126_bacteria_599.jpeg,C:\Pneumonia_Project\gradcam_outputs\overlay_0313_person126_bacteria_599.jpeg
314,C:\Pneumonia_Project\chest_xray\test\PNEUMONIA\person126_bacteria_600.jpeg,1,1,0.9298391938209534,1,0.5638529658317566,1.0,C:\Pneumonia_Project\gradcam_outputs\orig_0314_person126_bacteria_600.jpeg,C:\Pneumonia_Project\gradcam_outputs\overlay_0314_person126_bacteria_600.jpeg
315,C:\Pneumonia_Project\chest_xray\test\PNEUMONIA\person127_bacteria_602.jpeg,1,1,0.9863910675048828,1,0.5962788462638855,1.0,C:\Pneumonia_Project\gradcam_outputs\orig_0315_person127_bacteria_602.jpeg,C:\Pneumonia_Project\gradcam_outputs\overlay_0315_person127_bacteria_602.jpeg
316,C:\Pneumonia_Project\chest_xray\test\PNEUMONIA\person127_bacteria_603.jpeg,1,1,0.9210559129714966,1,0.6039307713508606,1.0,C:\Pneumonia_Project\gradcam_outputs\orig_0316_person127_bacteria_603.jpeg,C:\Pneumonia_Project\gradcam_outputs\overlay_0316_person127_bacteria_603.jpeg
317,C:\Pneumonia_Project\chest_xray\test\PNEUMONIA\person127_bacteria_604.jpeg,1,0,0.04277709126472473,0,0.15658479928970337,1.0,C:\Pneumonia_Project\gradcam_outputs\orig_0317_person127_bacteria_604.jpeg,
318,C:\Pneumonia_Project\chest_xray\test\PNEUMONIA\person128_bacteria_605.jpeg,1,1,0.9874314069747925,1,0.678604006767273,1.0,C:\Pneumonia_Project\gradcam_outputs\orig_0318_person128_bacteria_605.jpeg,C:\Pneumonia_Project\gradcam_outputs\overlay_0318_person128_bacteria_605.jpeg
319,C:\Pneumonia_Project\chest_xray\test\PNEUMONIA\person128_bacteria_606.jpeg,1,0,0.8013282418251038,1,0.6730905175209045,1.0,C:\Pneumonia_Project\gradcam_outputs\orig_0319_person128_bacteria_606.jpeg,C:\Pneumonia_Project\gradcam_outputs\overlay_0319_person128_bacteria_606.jpeg
320,C:\Pneumonia_Project\chest_xray\test\PNEUMONIA\person128_bacteria_607.jpeg,1,0,0.8013282418251038,1,0.6730905175209045,1.0,C:\Pneumonia_Project\gradcam_outputs\orig_0320_person128_bacteria_607.jpeg,C:\Pneumonia_Project\gradcam_outputs\overlay_0320_person128_bacteria_607.jpeg
321,C:\Pneumonia_Project\chest_xray\test\PNEUMONIA\person128_bacteria_608.jpeg,1,0,0.34425562620162964,1,0.3375566303730011,1.0,C:\Pneumonia_Project\gradcam_outputs\orig_0321_person128_bacteria_608.jpeg,C:\Pneumonia_Project\gradcam_outputs\overlay_0321_person128_bacteria_608.jpeg
322,C:\Pneumonia_Project\chest_xray\test\PNEUMONIA\person130_bacteria_623.jpeg,1,1,0.9372274875640869,1,0.5367699265480042,1.0,C:\Pneumonia_Project\gradcam_outputs\orig_0322_person130_bacteria_623.jpeg,C:\Pneumonia_Project\gradcam_outputs\overlay_0322_person130_bacteria_623.jpeg
323,C:\Pneumonia_Project\chest_xray\test\PNEUMONIA\person130_bacteria_625.jpeg,1,1,0.8768770098686218,1,0.6038033366203308,1.0,C:\Pneumonia_Project\gradcam_outputs\orig_0323_person130_bacteria_625.jpeg,C:\Pneumonia_Project\gradcam_outputs\overlay_0323_person130_bacteria_625.jpeg
324,C:\Pneumonia_Project\chest_xray\test\PNEUMONIA\person130_bacteria_626.jpeg,1,1,0.9736444354057312,1,0.6062278747558594,1.0,C:\Pneumonia_Project\gradcam_outputs\orig_0324_person130_bacteria_626.jpeg,C:\Pneumonia_Project\gradcam_outputs\overlay_0324_person130_bacteria_626.jpeg
325,C:\Pneumonia_Project\chest_xray\test\PNEUMONIA\person130_bacteria_627.jpeg,1,1,0.9007397890090942,1,0.5366482734680176,1.0,C:\Pneumonia_Project\gradcam_outputs\orig_0325_person130_bacteria_627.jpeg,C:\Pneumonia_Project\gradcam_outputs\overlay_0325_person130_bacteria_627.jpeg
326,C:\Pneumonia_Project\chest_xray\test\PNEUMONIA\person130_bacteria_628.jpeg,1,1,0.9070863723754883,1,0.4751456677913666,1.0,C:\Pneumonia_Project\gradcam_outputs\orig_0326_person130_bacteria_628.jpeg,C:\Pneumonia_Project\gradcam_outputs\overlay_0326_person130_bacteria_628.jpeg
327,C:\Pneumonia_Project\chest_xray\test\PNEUMONIA\person131_bacteria_629.jpeg,1,1,0.95295250415802,1,0.6594835519790649,1.0,C:\Pneumonia_Project\gradcam_outputs\orig_0327_person131_bacteria_629.jpeg,C:\Pneumonia_Project\gradcam_outputs\overlay_0327_person131_bacteria_629.jpeg
328,C:\Pneumonia_Project\chest_xray\test\PNEUMONIA\person132_bacteria_632.jpeg,1,0,0.705958902835846,1,0.5990232229232788,1.0,C:\Pneumonia_Project\gradcam_outputs\orig_0328_person132_bacteria_632.jpeg,C:\Pneumonia_Project\gradcam_outputs\overlay_0328_person132_bacteria_632.jpeg
329,C:\Pneumonia_Project\chest_xray\test\PNEUMONIA\person133_bacteria_633.jpeg,1,1,0.9062119126319885,1,0.5251907110214233,1.0,C:\Pneumonia_Project\gradcam_outputs\orig_0329_person133_bacteria_633.jpeg,C:\Pneumonia_Project\gradcam_outputs\overlay_0329_person133_bacteria_633.jpeg
330,C:\Pneumonia_Project\chest_xray\test\PNEUMONIA\person133_bacteria_634.jpeg,1,1,0.9129427075386047,1,0.648578941822052,1.0,C:\Pneumonia_Project\gradcam_outputs\orig_0330_person133_bacteria_634.jpeg,C:\Pneumonia_Project\gradcam_outputs\overlay_0330_person133_bacteria_634.jpeg
331,C:\Pneumonia_Project\chest_xray\test\PNEUMONIA\person133_bacteria_635.jpeg,1,1,0.958259642124176,1,0.6836159229278564,1.0,C:\Pneumonia_Project\gradcam_outputs\orig_0331_person133_bacteria_635.jpeg,C:\Pneumonia_Project\gradcam_outputs\overlay_0331_person133_bacteria_635.jpeg
332,C:\Pneumonia_Project\chest_xray\test\PNEUMONIA\person133_bacteria_637.jpeg,1,1,0.9439538717269897,1,0.5831948518753052,1.0,C:\Pneumonia_Project\gradcam_outputs\orig_0332_person133_bacteria_637.jpeg,C:\Pneumonia_Project\gradcam_outputs\overlay_0332_person133_bacteria_637.jpeg
333,C:\Pneumonia_Project\chest_xray\test\PNEUMONIA\person133_bacteria_638.jpeg,1,1,0.9418155550956726,1,0.5545105934143066,1.0,C:\Pneumonia_Project\gradcam_outputs\orig_0333_person133_bacteria_638.jpeg,C:\Pneumonia_Project\gradcam_outputs\overlay_0333_person133_bacteria_638.jpeg
334,C:\Pneumonia_Project\chest_xray\test\PNEUMONIA\person134_bacteria_640.jpeg,1,0,0.7657411694526672,1,0.47044992446899414,1.0,C:\Pneumonia_Project\gradcam_outputs\orig_0334_person134_bacteria_640.jpeg,C:\Pneumonia_Project\gradcam_outputs\overlay_0334_person134_bacteria_640.jpeg
335,C:\Pneumonia_Project\chest_xray\test\PNEUMONIA\person134_bacteria_641.jpeg,1,0,0.7731443047523499,1,0.5189265012741089,1.0,C:\Pneumonia_Project\gradcam_outputs\orig_0335_person134_bacteria_641.jpeg,C:\Pneumonia_Project\gradcam_outputs\overlay_0335_person134_bacteria_641.jpeg
336,C:\Pneumonia_Project\chest_xray\test\PNEUMONIA\person134_bacteria_642.jpeg,1,0,0.7045773863792419,1,0.5341732501983643,1.0,C:\Pneumonia_Project\gradcam_outputs\orig_0336_person134_bacteria_642.jpeg,C:\Pneumonia_Project\gradcam_outputs\overlay_0336_person134_bacteria_642.jpeg
337,C:\Pneumonia_Project\chest_xray\test\PNEUMONIA\person134_bacteria_643.jpeg,1,0,0.5806674957275391,1,0.5552488565444946,1.0,C:\Pneumonia_Project\gradcam_outputs\orig_0337_person134_bacteria_643.jpeg,C:\Pneumonia_Project\gradcam_outputs\overlay_0337_person134_bacteria_643.jpeg
338,C:\Pneumonia_Project\chest_xray\test\PNEUMONIA\person134_bacteria_644.jpeg,1,0,0.5806674957275391,1,0.5552488565444946,1.0,C:\Pneumonia_Project\gradcam_outputs\orig_0338_person134_bacteria_644.jpeg,C:\Pneumonia_Project\gradcam_outputs\overlay_0338_person134_bacteria_644.jpeg
339,C:\Pneumonia_Project\chest_xray\test\PNEUMONIA\person135_bacteria_646.jpeg,1,0,0.7057137489318848,1,0.5010539889335632,1.0,C:\Pneumonia_Project\gradcam_outputs\orig_0339_person135_bacteria_646.jpeg,C:\Pneumonia_Project\gradcam_outputs\overlay_0339_person135_bacteria_646.jpeg
340,C:\Pneumonia_Project\chest_xray\test\PNEUMONIA\person135_bacteria_647.jpeg,1,1,0.9436845183372498,1,0.598669707775116,1.0,C:\Pneumonia_Project\gradcam_outputs\orig_0340_person135_bacteria_647.jpeg,C:\Pneumonia_Project\gradcam_outputs\overlay_0340_person135_bacteria_647.jpeg
341,C:\Pneumonia_Project\chest_xray\test\PNEUMONIA\person136_bacteria_648.jpeg,1,0,0.8315858244895935,1,0.5062711238861084,1.0,C:\Pneumonia_Project\gradcam_outputs\orig_0341_person136_bacteria_648.jpeg,C:\Pneumonia_Project\gradcam_outputs\overlay_0341_person136_bacteria_648.jpeg
342,C:\Pneumonia_Project\chest_xray\test\PNEUMONIA\person136_bacteria_649.jpeg,1,1,0.8498931527137756,1,0.595725953578949,1.0,C:\Pneumonia_Project\gradcam_outputs\orig_0342_person136_bacteria_649.jpeg,C:\Pneumonia_Project\gradcam_outputs\overlay_0342_person136_bacteria_649.jpeg
343,C:\Pneumonia_Project\chest_xray\test\PNEUMONIA\person136_bacteria_650.jpeg,1,1,0.9944150447845459,1,0.7124810814857483,1.0,C:\Pneumonia_Project\gradcam_outputs\orig_0343_person136_bacteria_650.jpeg,C:\Pneumonia_Project\gradcam_outputs\overlay_0343_person136_bacteria_650.jpeg
344,C:\Pneumonia_Project\chest_xray\test\PNEUMONIA\person136_bacteria_652.jpeg,1,1,0.8546311259269714,1,0.5574065446853638,1.0,C:\Pneumonia_Project\gradcam_outputs\orig_0344_person136_bacteria_652.jpeg,C:\Pneumonia_Project\gradcam_outputs\overlay_0344_person136_bacteria_652.jpeg
345,C:\Pneumonia_Project\chest_xray\test\PNEUMONIA\person136_bacteria_654.jpeg,1,1,0.9293027520179749,1,0.6968550682067871,1.0,C:\Pneumonia_Project\gradcam_outputs\orig_0345_person136_bacteria_654.jpeg,C:\Pneumonia_Project\gradcam_outputs\overlay_0345_person136_bacteria_654.jpeg
346,C:\Pneumonia_Project\chest_xray\test\PNEUMONIA\person137_bacteria_655.jpeg,1,1,0.8476762175559998,1,0.6256951689720154,1.0,C:\Pneumonia_Project\gradcam_outputs\orig_0346_person137_bacteria_655.jpeg,C:\Pneumonia_Project\gradcam_outputs\overlay_0346_person137_bacteria_655.jpeg
347,C:\Pneumonia_Project\chest_xray\test\PNEUMONIA\person138_bacteria_657.jpeg,1,1,0.9129854440689087,1,0.6357370615005493,1.0,C:\Pneumonia_Project\gradcam_outputs\orig_0347_person138_bacteria_657.jpeg,C:\Pneumonia_Project\gradcam_outputs\overlay_0347_person138_bacteria_657.jpeg
348,C:\Pneumonia_Project\chest_xray\test\PNEUMONIA\person138_bacteria_658.jpeg,1,0,0.31638702750205994,1,0.4113467037677765,1.0,C:\Pneumonia_Project\gradcam_outputs\orig_0348_person138_bacteria_658.jpeg,C:\Pneumonia_Project\gradcam_outputs\overlay_0348_person138_bacteria_658.jpeg
349,C:\Pneumonia_Project\chest_xray\test\PNEUMONIA\person138_bacteria_659.jpeg,1,0,0.5529125928878784,1,0.6934925317764282,1.0,C:\Pneumonia_Project\gradcam_outputs\orig_0349_person138_bacteria_659.jpeg,C:\Pneumonia_Project\gradcam_outputs\overlay_0349_person138_bacteria_659.jpeg
350,C:\Pneumonia_Project\chest_xray\test\PNEUMONIA\person139_bacteria_661.jpeg,1,1,0.9300141930580139,1,0.605185329914093,1.0,C:\Pneumonia_Project\gradcam_outputs\orig_0350_person139_bacteria_661.jpeg,C:\Pneumonia_Project\gradcam_outputs\overlay_0350_person139_bacteria_661.jpeg
351,C:\Pneumonia_Project\chest_xray\test\PNEUMONIA\person139_bacteria_662.jpeg,1,1,0.9594542384147644,1,0.7790455222129822,1.0,C:\Pneumonia_Project\gradcam_outputs\orig_0351_person139_bacteria_662.jpeg,C:\Pneumonia_Project\gradcam_outputs\overlay_0351_person139_bacteria_662.jpeg
352,C:\Pneumonia_Project\chest_xray\test\PNEUMONIA\person139_bacteria_663.jpeg,1,1,0.9078850150108337,1,0.7050825357437134,1.0,C:\Pneumonia_Project\gradcam_outputs\orig_0352_person139_bacteria_663.jpeg,C:\Pneumonia_Project\gradcam_outputs\overlay_0352_person139_bacteria_663.jpeg
353,C:\Pneumonia_Project\chest_xray\test\PNEUMONIA\person139_bacteria_664.jpeg,1,1,0.9886569380760193,1,0.6934280395507812,1.0,C:\Pneumonia_Project\gradcam_outputs\orig_0353_person139_bacteria_664.jpeg,C:\Pneumonia_Project\gradcam_outputs\overlay_0353_person139_bacteria_664.jpeg
354,C:\Pneumonia_Project\chest_xray\test\PNEUMONIA\person139_bacteria_665.jpeg,1,1,0.9534633755683899,1,0.6893175840377808,1.0,C:\Pneumonia_Project\gradcam_outputs\orig_0354_person139_bacteria_665.jpeg,C:\Pneumonia_Project\gradcam_outputs\overlay_0354_person139_bacteria_665.jpeg
355,C:\Pneumonia_Project\chest_xray\test\PNEUMONIA\person139_bacteria_666.jpeg,1,0,0.2605228126049042,1,0.3661561906337738,1.0,C:\Pneumonia_Project\gradcam_outputs\orig_0355_person139_bacteria_666.jpeg,C:\Pneumonia_Project\gradcam_outputs\overlay_0355_person139_bacteria_666.jpeg
356,C:\Pneumonia_Project\chest_xray\test\PNEUMONIA\person140_bacteria_667.jpeg,1,0,0.47943776845932007,1,0.43481290340423584,1.0,C:\Pneumonia_Project\gradcam_outputs\orig_0356_person140_bacteria_667.jpeg,C:\Pneumonia_Project\gradcam_outputs\overlay_0356_person140_bacteria_667.jpeg
357,C:\Pneumonia_Project\chest_xray\test\PNEUMONIA\person140_bacteria_668.jpeg,1,0,0.5838567614555359,1,0.37191274762153625,1.0,C:\Pneumonia_Project\gradcam_outputs\orig_0357_person140_bacteria_668.jpeg,C:\Pneumonia_Project\gradcam_outputs\overlay_0357_person140_bacteria_668.jpeg
358,C:\Pneumonia_Project\chest_xray\test\PNEUMONIA\person141_bacteria_670.jpeg,1,1,0.910772442817688,1,0.6844592094421387,1.0,C:\Pneumonia_Project\gradcam_outputs\orig_0358_person141_bacteria_670.jpeg,C:\Pneumonia_Project\gradcam_outputs\overlay_0358_person141_bacteria_670.jpeg
359,C:\Pneumonia_Project\chest_xray\test\PNEUMONIA\person141_bacteria_676.jpeg,1,0,0.8288794755935669,1,0.40608370304107666,1.0,C:\Pneumonia_Project\gradcam_outputs\orig_0359_person141_bacteria_676.jpeg,C:\Pneumonia_Project\gradcam_outputs\overlay_0359_person141_bacteria_676.jpeg
360,C:\Pneumonia_Project\chest_xray\test\PNEUMONIA\person141_bacteria_677.jpeg,1,0,0.7103148102760315,1,0.4730951488018036,1.0,C:\Pneumonia_Project\gradcam_outputs\orig_0360_person141_bacteria_677.jpeg,C:\Pneumonia_Project\gradcam_outputs\overlay_0360_person141_bacteria_677.jpeg
361,C:\Pneumonia_Project\chest_xray\test\PNEUMONIA\person141_bacteria_678.jpeg,1,1,0.94889235496521,1,0.5299556255340576,1.0,C:\Pneumonia_Project\gradcam_outputs\orig_0361_person141_bacteria_678.jpeg,C:\Pneumonia_Project\gradcam_outputs\overlay_0361_person141_bacteria_678.jpeg
362,C:\Pneumonia_Project\chest_xray\test\PNEUMONIA\person141_bacteria_681.jpeg,1,1,0.8424509763717651,1,0.4902867078781128,1.0,C:\Pneumonia_Project\gradcam_outputs\orig_0362_person141_bacteria_681.jpeg,C:\Pneumonia_Project\gradcam_outputs\overlay_0362_person141_bacteria_681.jpeg
363,C:\Pneumonia_Project\chest_xray\test\PNEUMONIA\person142_bacteria_682.jpeg,1,0,0.38513362407684326,1,0.3520868420600891,1.0,C:\Pneumonia_Project\gradcam_outputs\orig_0363_person142_bacteria_682.jpeg,C:\Pneumonia_Project\gradcam_outputs\overlay_0363_person142_bacteria_682.jpeg
364,C:\Pneumonia_Project\chest_xray\test\PNEUMONIA\person142_bacteria_683.jpeg,1,1,0.9582399129867554,1,0.6497663855552673,1.0,C:\Pneumonia_Project\gradcam_outputs\orig_0364_person142_bacteria_683.jpeg,C:\Pneumonia_Project\gradcam_outputs\overlay_0364_person142_bacteria_683.jpeg
365,C:\Pneumonia_Project\chest_xray\test\PNEUMONIA\person142_bacteria_684.jpeg,1,0,0.7323602437973022,1,0.29782432317733765,1.0,C:\Pneumonia_Project\gradcam_outputs\orig_0365_person142_bacteria_684.jpeg,C:\Pneumonia_Project\gradcam_outputs\overlay_0365_person142_bacteria_684.jpeg
366,C:\Pneumonia_Project\chest_xray\test\PNEUMONIA\person143_bacteria_687.jpeg,1,1,0.9595543742179871,1,0.5720071196556091,1.0,C:\Pneumonia_Project\gradcam_outputs\orig_0366_person143_bacteria_687.jpeg,C:\Pneumonia_Project\gradcam_outputs\overlay_0366_person143_bacteria_687.jpeg
367,C:\Pneumonia_Project\chest_xray\test\PNEUMONIA\person143_bacteria_688.jpeg,1,0,0.7168171405792236,1,0.4327848255634308,1.0,C:\Pneumonia_Project\gradcam_outputs\orig_0367_person143_bacteria_688.jpeg,C:\Pneumonia_Project\gradcam_outputs\overlay_0367_person143_bacteria_688.jpeg
368,C:\Pneumonia_Project\chest_xray\test\PNEUMONIA\person143_bacteria_689.jpeg,1,0,0.7049741744995117,1,0.3545096218585968,1.0,C:\Pneumonia_Project\gradcam_outputs\orig_0368_person143_bacteria_689.jpeg,C:\Pneumonia_Project\gradcam_outputs\overlay_0368_person143_bacteria_689.jpeg
369,C:\Pneumonia_Project\chest_xray\test\PNEUMONIA\person144_bacteria_690.jpeg,1,1,0.9857318997383118,1,0.6456499099731445,1.0,C:\Pneumonia_Project\gradcam_outputs\orig_0369_person144_bacteria_690.jpeg,C:\Pneumonia_Project\gradcam_outputs\overlay_0369_person144_bacteria_690.jpeg
370,C:\Pneumonia_Project\chest_xray\test\PNEUMONIA\person145_bacteria_696.jpeg,1,0,0.6438932418823242,1,0.4172312319278717,1.0,C:\Pneumonia_Project\gradcam_outputs\orig_0370_person145_bacteria_696.jpeg,C:\Pneumonia_Project\gradcam_outputs\overlay_0370_person145_bacteria_696.jpeg
371,C:\Pneumonia_Project\chest_xray\test\PNEUMONIA\person146_bacteria_700.jpeg,1,1,0.9112767577171326,1,0.547588586807251,1.0,C:\Pneumonia_Project\gradcam_outputs\orig_0371_person146_bacteria_700.jpeg,C:\Pneumonia_Project\gradcam_outputs\overlay_0371_person146_bacteria_700.jpeg
372,C:\Pneumonia_Project\chest_xray\test\PNEUMONIA\person146_bacteria_703.jpeg,1,1,0.995109498500824,1,0.6162475943565369,1.0,C:\Pneumonia_Project\gradcam_outputs\orig_0372_person146_bacteria_703.jpeg,C:\Pneumonia_Project\gradcam_outputs\overlay_0372_person146_bacteria_703.jpeg
373,C:\Pneumonia_Project\chest_xray\test\PNEUMONIA\person146_bacteria_704.jpeg,1,1,0.908764660358429,1,0.5553603768348694,1.0,C:\Pneumonia_Project\gradcam_outputs\orig_0373_person146_bacteria_704.jpeg,C:\Pneumonia_Project\gradcam_outputs\overlay_0373_person146_bacteria_704.jpeg
374,C:\Pneumonia_Project\chest_xray\test\PNEUMONIA\person147_bacteria_705.jpeg,1,0,0.5595590472221375,1,0.40608999133110046,1.0,C:\Pneumonia_Project\gradcam_outputs\orig_0374_person147_bacteria_705.jpeg,C:\Pneumonia_Project\gradcam_outputs\overlay_0374_person147_bacteria_705.jpeg
375,C:\Pneumonia_Project\chest_xray\test\PNEUMONIA\person147_bacteria_706.jpeg,1,1,0.9197463989257812,1,0.5555598139762878,1.0,C:\Pneumonia_Project\gradcam_outputs\orig_0375_person147_bacteria_706.jpeg,C:\Pneumonia_Project\gradcam_outputs\overlay_0375_person147_bacteria_706.jpeg
376,C:\Pneumonia_Project\chest_xray\test\PNEUMONIA\person147_bacteria_707.jpeg,1,1,0.938019871711731,1,0.5194934010505676,1.0,C:\Pneumonia_Project\gradcam_outputs\orig_0376_person147_bacteria_707.jpeg,C:\Pneumonia_Project\gradcam_outputs\overlay_0376_person147_bacteria_707.jpeg
377,C:\Pneumonia_Project\chest_xray\test\PNEUMONIA\person147_bacteria_711.jpeg,1,1,0.9286145567893982,1,0.49714168906211853,1.0,C:\Pneumonia_Project\gradcam_outputs\orig_0377_person147_bacteria_711.jpeg,C:\Pneumonia_Project\gradcam_outputs\overlay_0377_person147_bacteria_711.jpeg
378,C:\Pneumonia_Project\chest_xray\test\PNEUMONIA\person149_bacteria_713.jpeg,1,0,0.595424234867096,1,0.3081201910972595,1.0,C:\Pneumonia_Project\gradcam_outputs\orig_0378_person149_bacteria_713.jpeg,C:\Pneumonia_Project\gradcam_outputs\overlay_0378_person149_bacteria_713.jpeg
379,C:\Pneumonia_Project\chest_xray\test\PNEUMONIA\person14_virus_44.jpeg,1,0,0.44139787554740906,1,0.3808535635471344,1.0,C:\Pneumonia_Project\gradcam_outputs\orig_0379_person14_virus_44.jpeg,C:\Pneumonia_Project\gradcam_outputs\overlay_0379_person14_virus_44.jpeg
380,C:\Pneumonia_Project\chest_xray\test\PNEUMONIA\person150_bacteria_715.jpeg,1,1,0.8368948101997375,1,0.6181458830833435,1.0,C:\Pneumonia_Project\gradcam_outputs\orig_0380_person150_bacteria_715.jpeg,C:\Pneumonia_Project\gradcam_outputs\overlay_0380_person150_bacteria_715.jpeg
381,C:\Pneumonia_Project\chest_xray\test\PNEUMONIA\person150_bacteria_716.jpeg,1,1,0.931564211845398,1,0.5407849550247192,1.0,C:\Pneumonia_Project\gradcam_outputs\orig_0381_person150_bacteria_716.jpeg,C:\Pneumonia_Project\gradcam_outputs\overlay_0381_person150_bacteria_716.jpeg
382,C:\Pneumonia_Project\chest_xray\test\PNEUMONIA\person150_bacteria_717.jpeg,1,0,0.40959301590919495,1,0.4558291733264923,1.0,C:\Pneumonia_Project\gradcam_outputs\orig_0382_person150_bacteria_717.jpeg,C:\Pneumonia_Project\gradcam_outputs\overlay_0382_person150_bacteria_717.jpeg
383,C:\Pneumonia_Project\chest_xray\test\PNEUMONIA\person151_bacteria_718.jpeg,1,1,0.9814388751983643,1,0.6367676258087158,1.0,C:\Pneumonia_Project\gradcam_outputs\orig_0383_person151_bacteria_718.jpeg,C:\Pneumonia_Project\gradcam_outputs\overlay_0383_person151_bacteria_718.jpeg
384,C:\Pneumonia_Project\chest_xray\test\PNEUMONIA\person152_bacteria_720.jpeg,1,1,0.8379568457603455,1,0.5166705250740051,1.0,C:\Pneumonia_Project\gradcam_outputs\orig_0384_person152_bacteria_720.jpeg,C:\Pneumonia_Project\gradcam_outputs\overlay_0384_person152_bacteria_720.jpeg
385,C:\Pneumonia_Project\chest_xray\test\PNEUMONIA\person152_bacteria_721.jpeg,1,1,0.8598197102546692,1,0.4878276586532593,1.0,C:\Pneumonia_Project\gradcam_outputs\orig_0385_person152_bacteria_721.jpeg,C:\Pneumonia_Project\gradcam_outputs\overlay_0385_person152_bacteria_721.jpeg
386,C:\Pneumonia_Project\chest_xray\test\PNEUMONIA\person152_bacteria_722.jpeg,1,1,0.8709694147109985,1,0.6621089577674866,1.0,C:\Pneumonia_Project\gradcam_outputs\orig_0386_person152_bacteria_722.jpeg,C:\Pneumonia_Project\gradcam_outputs\overlay_0386_person152_bacteria_722.jpeg
387,C:\Pneumonia_Project\chest_xray\test\PNEUMONIA\person152_bacteria_723.jpeg,1,1,0.9516991972923279,1,0.5547927618026733,1.0,C:\Pneumonia_Project\gradcam_outputs\orig_0387_person152_bacteria_723.jpeg,C:\Pneumonia_Project\gradcam_outputs\overlay_0387_person152_bacteria_723.jpeg
388,C:\Pneumonia_Project\chest_xray\test\PNEUMONIA\person152_bacteria_724.jpeg,1,0,0.30372142791748047,1,0.26411008834838867,1.0,C:\Pneumonia_Project\gradcam_outputs\orig_0388_person152_bacteria_724.jpeg,C:\Pneumonia_Project\gradcam_outputs\overlay_0388_person152_bacteria_724.jpeg
389,C:\Pneumonia_Project\chest_xray\test\PNEUMONIA\person153_bacteria_725.jpeg,1,1,0.9537413120269775,1,0.6792795062065125,1.0,C:\Pneumonia_Project\gradcam_outputs\orig_0389_person153_bacteria_725.jpeg,C:\Pneumonia_Project\gradcam_outputs\overlay_0389_person153_bacteria_725.jpeg
390,C:\Pneumonia_Project\chest_xray\test\PNEUMONIA\person153_bacteria_726.jpeg,1,0,0.7570504546165466,1,0.524515688419342,1.0,C:\Pneumonia_Project\gradcam_outputs\orig_0390_person153_bacteria_726.jpeg,C:\Pneumonia_Project\gradcam_outputs\overlay_0390_person153_bacteria_726.jpeg
391,C:\Pneumonia_Project\chest_xray\test\PNEUMONIA\person154_bacteria_728.jpeg,1,0,0.13150058686733246,0,0.23942027986049652,1.0,C:\Pneumonia_Project\gradcam_outputs\orig_0391_person154_bacteria_728.jpeg,
392,C:\Pneumonia_Project\chest_xray\test\PNEUMONIA\person155_bacteria_729.jpeg,1,1,0.8461167812347412,1,0.6364122629165649,1.0,C:\Pneumonia_Project\gradcam_outputs\orig_0392_person155_bacteria_729.jpeg,C:\Pneumonia_Project\gradcam_outputs\overlay_0392_person155_bacteria_729.jpeg
393,C:\Pneumonia_Project\chest_xray\test\PNEUMONIA\person155_bacteria_730.jpeg,1,0,0.46727254986763,1,0.4485345482826233,1.0,C:\Pneumonia_Project\gradcam_outputs\orig_0393_person155_bacteria_730.jpeg,C:\Pneumonia_Project\gradcam_outputs\overlay_0393_person155_bacteria_730.jpeg
394,C:\Pneumonia_Project\chest_xray\test\PNEUMONIA\person155_bacteria_731.jpeg,1,1,0.9209504127502441,1,0.8123764991760254,1.0,C:\Pneumonia_Project\gradcam_outputs\orig_0394_person155_bacteria_731.jpeg,C:\Pneumonia_Project\gradcam_outputs\overlay_0394_person155_bacteria_731.jpeg
395,C:\Pneumonia_Project\chest_xray\test\PNEUMONIA\person157_bacteria_735.jpeg,1,1,0.9936371445655823,1,0.6953201293945312,1.0,C:\Pneumonia_Project\gradcam_outputs\orig_0395_person157_bacteria_735.jpeg,C:\Pneumonia_Project\gradcam_outputs\overlay_0395_person157_bacteria_735.jpeg
396,C:\Pneumonia_Project\chest_xray\test\PNEUMONIA\person157_bacteria_739.jpeg,1,1,0.9468487501144409,1,0.474456787109375,1.0,C:\Pneumonia_Project\gradcam_outputs\orig_0396_person157_bacteria_739.jpeg,C:\Pneumonia_Project\gradcam_outputs\overlay_0396_person157_bacteria_739.jpeg
397,C:\Pneumonia_Project\chest_xray\test\PNEUMONIA\person157_bacteria_740.jpeg,1,1,0.9458943009376526,1,0.6471125483512878,1.0,C:\Pneumonia_Project\gradcam_outputs\orig_0397_person157_bacteria_740.jpeg,C:\Pneumonia_Project\gradcam_outputs\overlay_0397_person157_bacteria_740.jpeg
398,C:\Pneumonia_Project\chest_xray\test\PNEUMONIA\person158_bacteria_742.jpeg,1,1,0.9910456538200378,1,0.6834861040115356,1.0,C:\Pneumonia_Project\gradcam_outputs\orig_0398_person158_bacteria_742.jpeg,C:\Pneumonia_Project\gradcam_outputs\overlay_0398_person158_bacteria_742.jpeg
399,C:\Pneumonia_Project\chest_xray\test\PNEUMONIA\person158_bacteria_743.jpeg,1,1,0.9387625455856323,1,0.551433265209198,1.0,C:\Pneumonia_Project\gradcam_outputs\orig_0399_person158_bacteria_743.jpeg,C:\Pneumonia_Project\gradcam_outputs\overlay_0399_person158_bacteria_743.jpeg
400,C:\Pneumonia_Project\chest_xray\test\PNEUMONIA\person158_bacteria_744.jpeg,1,1,0.9831199049949646,1,0.65616774559021,1.0,C:\Pneumonia_Project\gradcam_outputs\orig_0400_person158_bacteria_744.jpeg,C:\Pneumonia_Project\gradcam_outputs\overlay_0400_person158_bacteria_744.jpeg
401,C:\Pneumonia_Project\chest_xray\test\PNEUMONIA\person158_bacteria_745.jpeg,1,0,0.25010061264038086,1,0.2478417307138443,1.0,C:\Pneumonia_Project\gradcam_outputs\orig_0401_person158_bacteria_745.jpeg,C:\Pneumonia_Project\gradcam_outputs\overlay_0401_person158_bacteria_745.jpeg
402,C:\Pneumonia_Project\chest_xray\test\PNEUMONIA\person159_bacteria_746.jpeg,1,1,0.9144678115844727,1,0.7323765158653259,1.0,C:\Pneumonia_Project\gradcam_outputs\orig_0402_person159_bacteria_746.jpeg,C:\Pneumonia_Project\gradcam_outputs\overlay_0402_person159_bacteria_746.jpeg
403,C:\Pneumonia_Project\chest_xray\test\PNEUMONIA\person159_bacteria_747.jpeg,1,1,0.9832955598831177,1,0.6689358949661255,1.0,C:\Pneumonia_Project\gradcam_outputs\orig_0403_person159_bacteria_747.jpeg,C:\Pneumonia_Project\gradcam_outputs\overlay_0403_person159_bacteria_747.jpeg
404,C:\Pneumonia_Project\chest_xray\test\PNEUMONIA\person15_virus_46.jpeg,1,0,0.08396822214126587,0,0.15893831849098206,1.0,C:\Pneumonia_Project\gradcam_outputs\orig_0404_person15_virus_46.jpeg,
405,C:\Pneumonia_Project\chest_xray\test\PNEUMONIA\person1608_virus_2786.jpeg,1,0,0.058371614664793015,0,0.13337185978889465,1.0,C:\Pneumonia_Project\gradcam_outputs\orig_0405_person1608_virus_2786.jpeg,
406,C:\Pneumonia_Project\chest_xray\test\PNEUMONIA\person1610_virus_2793.jpeg,1,0,0.789069414138794,1,0.6629123091697693,1.0,C:\Pneumonia_Project\gradcam_outputs\orig_0406_person1610_virus_2793.jpeg,C:\Pneumonia_Project\gradcam_outputs\overlay_0406_person1610_virus_2793.jpeg
407,C:\Pneumonia_Project\chest_xray\test\PNEUMONIA\person1612_virus_2797.jpeg,1,1,0.9393876791000366,1,0.5630949139595032,1.0,C:\Pneumonia_Project\gradcam_outputs\orig_0407_person1612_virus_2797.jpeg,C:\Pneumonia_Project\gradcam_outputs\overlay_0407_person1612_virus_2797.jpeg
408,C:\Pneumonia_Project\chest_xray\test\PNEUMONIA\person1612_virus_2798.jpeg,1,0,0.7156351208686829,1,0.3254576623439789,1.0,C:\Pneumonia_Project\gradcam_outputs\orig_0408_person1612_virus_2798.jpeg,C:\Pneumonia_Project\gradcam_outputs\overlay_0408_person1612_virus_2798.jpeg
409,C:\Pneumonia_Project\chest_xray\test\PNEUMONIA\person1613_virus_2799.jpeg,1,1,0.966166079044342,1,0.6098636984825134,1.0,C:\Pneumonia_Project\gradcam_outputs\orig_0409_person1613_virus_2799.jpeg,C:\Pneumonia_Project\gradcam_outputs\overlay_0409_person1613_virus_2799.jpeg
410,C:\Pneumonia_Project\chest_xray\test\PNEUMONIA\person1614_virus_2800.jpeg,1,0,0.49794167280197144,1,0.3104293942451477,1.0,C:\Pneumonia_Project\gradcam_outputs\orig_0410_person1614_virus_2800.jpeg,C:\Pneumonia_Project\gradcam_outputs\overlay_0410_person1614_virus_2800.jpeg
411,C:\Pneumonia_Project\chest_xray\test\PNEUMONIA\person1615_virus_2801.jpeg,1,0,0.15930746495723724,0,0.1495930254459381,1.0,C:\Pneumonia_Project\gradcam_outputs\orig_0411_person1615_virus_2801.jpeg,
412,C:\Pneumonia_Project\chest_xray\test\PNEUMONIA\person1616_virus_2802.jpeg,1,0,0.6323689222335815,1,0.3943013548851013,1.0,C:\Pneumonia_Project\gradcam_outputs\orig_0412_person1616_virus_2802.jpeg,C:\Pneumonia_Project\gradcam_outputs\overlay_0412_person1616_virus_2802.jpeg
413,C:\Pneumonia_Project\chest_xray\test\PNEUMONIA\person1618_virus_2805.jpeg,1,1,0.9851157069206238,1,0.6054832339286804,1.0,C:\Pneumonia_Project\gradcam_outputs\orig_0413_person1618_virus_2805.jpeg,C:\Pneumonia_Project\gradcam_outputs\overlay_0413_person1618_virus_2805.jpeg
414,C:\Pneumonia_Project\chest_xray\test\PNEUMONIA\person1619_virus_2806.jpeg,1,0,0.5500785112380981,1,0.3994297385215759,1.0,C:\Pneumonia_Project\gradcam_outputs\orig_0414_person1619_virus_2806.jpeg,C:\Pneumonia_Project\gradcam_outputs\overlay_0414_person1619_virus_2806.jpeg
415,C:\Pneumonia_Project\chest_xray\test\PNEUMONIA\person161_bacteria_757.jpeg,1,0,0.6333175897598267,1,0.45458748936653137,1.0,C:\Pneumonia_Project\gradcam_outputs\orig_0415_person161_bacteria_757.jpeg,C:\Pneumonia_Project\gradcam_outputs\overlay_0415_person161_bacteria_757.jpeg
416,C:\Pneumonia_Project\chest_xray\test\PNEUMONIA\person161_bacteria_759.jpeg,1,1,0.9713974595069885,1,0.5899947881698608,1.0,C:\Pneumonia_Project\gradcam_outputs\orig_0416_person161_bacteria_759.jpeg,C:\Pneumonia_Project\gradcam_outputs\overlay_0416_person161_bacteria_759.jpeg
417,C:\Pneumonia_Project\chest_xray\test\PNEUMONIA\person161_bacteria_762.jpeg,1,0,0.03542294725775719,0,0.25368940830230713,1.0,C:\Pneumonia_Project\gradcam_outputs\orig_0417_person161_bacteria_762.jpeg,
418,C:\Pneumonia_Project\chest_xray\test\PNEUMONIA\person1620_virus_2807.jpeg,1,0,0.7053065896034241,1,0.46734172105789185,1.0,C:\Pneumonia_Project\gradcam_outputs\orig_0418_person1620_virus_2807.jpeg,C:\Pneumonia_Project\gradcam_outputs\overlay_0418_person1620_virus_2807.jpeg
419,C:\Pneumonia_Project\chest_xray\test\PNEUMONIA\person1622_virus_2810.jpeg,1,1,0.9844495058059692,1,0.6063142418861389,1.0,C:\Pneumonia_Project\gradcam_outputs\orig_0419_person1622_virus_2810.jpeg,C:\Pneumonia_Project\gradcam_outputs\overlay_0419_person1622_virus_2810.jpeg
420,C:\Pneumonia_Project\chest_xray\test\PNEUMONIA\person1623_virus_2813.jpeg,1,0,0.26752355694770813,1,0.2663399279117584,1.0,C:\Pneumonia_Project\gradcam_outputs\orig_0420_person1623_virus_2813.jpeg,C:\Pneumonia_Project\gradcam_outputs\overlay_0420_person1623_virus_2813.jpeg
421,C:\Pneumonia_Project\chest_xray\test\PNEUMONIA\person1625_virus_2817.jpeg,1,0,0.19552789628505707,0,0.2905314266681671,1.0,C:\Pneumonia_Project\gradcam_outputs\orig_0421_person1625_virus_2817.jpeg,
422,C:\Pneumonia_Project\chest_xray\test\PNEUMONIA\person1626_virus_2818.jpeg,1,1,0.9814874529838562,1,0.7667245864868164,1.0,C:\Pneumonia_Project\gradcam_outputs\orig_0422_person1626_virus_2818.jpeg,C:\Pneumonia_Project\gradcam_outputs\overlay_0422_person1626_virus_2818.jpeg
423,C:\Pneumonia_Project\chest_xray\test\PNEUMONIA\person1627_virus_2819.jpeg,1,1,0.9874472618103027,1,0.5476308465003967,1.0,C:\Pneumonia_Project\gradcam_outputs\orig_0423_person1627_virus_2819.jpeg,C:\Pneumonia_Project\gradcam_outputs\overlay_0423_person1627_virus_2819.jpeg
424,C:\Pneumonia_Project\chest_xray\test\PNEUMONIA\person1628_virus_2821.jpeg,1,0,0.7598733305931091,1,0.4801574647426605,1.0,C:\Pneumonia_Project\gradcam_outputs\orig_0424_person1628_virus_2821.jpeg,C:\Pneumonia_Project\gradcam_outputs\overlay_0424_person1628_virus_2821.jpeg
425,C:\Pneumonia_Project\chest_xray\test\PNEUMONIA\person1628_virus_2822.jpeg,1,0,0.8004568219184875,1,0.6011255383491516,1.0,C:\Pneumonia_Project\gradcam_outputs\orig_0425_person1628_virus_2822.jpeg,C:\Pneumonia_Project\gradcam_outputs\overlay_0425_person1628_virus_2822.jpeg
426,C:\Pneumonia_Project\chest_xray\test\PNEUMONIA\person1629_virus_2823.jpeg,1,1,0.8774325251579285,1,0.5108898878097534,1.0,C:\Pneumonia_Project\gradcam_outputs\orig_0426_person1629_virus_2823.jpeg,C:\Pneumonia_Project\gradcam_outputs\overlay_0426_person1629_virus_2823.jpeg
427,C:\Pneumonia_Project\chest_xray\test\PNEUMONIA\person1631_virus_2826.jpeg,1,0,0.7413060069084167,1,0.4797486364841461,1.0,C:\Pneumonia_Project\gradcam_outputs\orig_0427_person1631_virus_2826.jpeg,C:\Pneumonia_Project\gradcam_outputs\overlay_0427_person1631_virus_2826.jpeg
428,C:\Pneumonia_Project\chest_xray\test\PNEUMONIA\person1632_virus_2827.jpeg,1,0,0.597108006477356,1,0.2805679142475128,1.0,C:\Pneumonia_Project\gradcam_outputs\orig_0428_person1632_virus_2827.jpeg,C:\Pneumonia_Project\gradcam_outputs\overlay_0428_person1632_virus_2827.jpeg
429,C:\Pneumonia_Project\chest_xray\test\PNEUMONIA\person1633_virus_2829.jpeg,1,1,0.9514543414115906,1,0.6259047985076904,1.0,C:\Pneumonia_Project\gradcam_outputs\orig_0429_person1633_virus_2829.jpeg,C:\Pneumonia_Project\gradcam_outputs\overlay_0429_person1633_virus_2829.jpeg
430,C:\Pneumonia_Project\chest_xray\test\PNEUMONIA\person1634_virus_2830.jpeg,1,1,0.9678231477737427,1,0.6292354464530945,1.0,C:\Pneumonia_Project\gradcam_outputs\orig_0430_person1634_virus_2830.jpeg,C:\Pneumonia_Project\gradcam_outputs\overlay_0430_person1634_virus_2830.jpeg
431,C:\Pneumonia_Project\chest_xray\test\PNEUMONIA\person1635_virus_2831.jpeg,1,0,0.7908204197883606,1,0.4630557596683502,1.0,C:\Pneumonia_Project\gradcam_outputs\orig_0431_person1635_virus_2831.jpeg,C:\Pneumonia_Project\gradcam_outputs\overlay_0431_person1635_virus_2831.jpeg
432,C:\Pneumonia_Project\chest_xray\test\PNEUMONIA\person1637_virus_2834.jpeg,1,1,0.9145708680152893,1,0.6059373617172241,1.0,C:\Pneumonia_Project\gradcam_outputs\orig_0432_person1637_virus_2834.jpeg,C:\Pneumonia_Project\gradcam_outputs\overlay_0432_person1637_virus_2834.jpeg
433,C:\Pneumonia_Project\chest_xray\test\PNEUMONIA\person1640_virus_2839.jpeg,1,0,0.6426631212234497,1,0.4638252258300781,1.0,C:\Pneumonia_Project\gradcam_outputs\orig_0433_person1640_virus_2839.jpeg,C:\Pneumonia_Project\gradcam_outputs\overlay_0433_person1640_virus_2839.jpeg
434,C:\Pneumonia_Project\chest_xray\test\PNEUMONIA\person1641_virus_2840.jpeg,1,0,0.6847083568572998,1,0.593196451663971,1.0,C:\Pneumonia_Project\gradcam_outputs\orig_0434_person1641_virus_2840.jpeg,C:\Pneumonia_Project\gradcam_outputs\overlay_0434_person1641_virus_2840.jpeg
435,C:\Pneumonia_Project\chest_xray\test\PNEUMONIA\person1642_virus_2842.jpeg,1,0,0.5154748558998108,1,0.2336413413286209,1.0,C:\Pneumonia_Project\gradcam_outputs\orig_0435_person1642_virus_2842.jpeg,C:\Pneumonia_Project\gradcam_outputs\overlay_0435_person1642_virus_2842.jpeg
436,C:\Pneumonia_Project\chest_xray\test\PNEUMONIA\person1643_virus_2843.jpeg,1,0,0.5017459988594055,1,0.35711342096328735,1.0,C:\Pneumonia_Project\gradcam_outputs\orig_0436_person1643_virus_2843.jpeg,C:\Pneumonia_Project\gradcam_outputs\overlay_0436_person1643_virus_2843.jpeg
437,C:\Pneumonia_Project\chest_xray\test\PNEUMONIA\person1644_virus_2844.jpeg,1,0,0.7902815937995911,1,0.5477290153503418,1.0,C:\Pneumonia_Project\gradcam_outputs\orig_0437_person1644_virus_2844.jpeg,C:\Pneumonia_Project\gradcam_outputs\overlay_0437_person1644_virus_2844.jpeg
438,C:\Pneumonia_Project\chest_xray\test\PNEUMONIA\person1645_virus_2845.jpeg,1,1,0.9526554346084595,1,0.5456023216247559,1.0,C:\Pneumonia_Project\gradcam_outputs\orig_0438_person1645_virus_2845.jpeg,C:\Pneumonia_Project\gradcam_outputs\overlay_0438_person1645_virus_2845.jpeg
439,C:\Pneumonia_Project\chest_xray\test\PNEUMONIA\person1647_virus_2848.jpeg,1,0,0.5081884860992432,1,0.29091164469718933,1.0,C:\Pneumonia_Project\gradcam_outputs\orig_0439_person1647_virus_2848.jpeg,C:\Pneumonia_Project\gradcam_outputs\overlay_0439_person1647_virus_2848.jpeg
440,C:\Pneumonia_Project\chest_xray\test\PNEUMONIA\person1649_virus_2850.jpeg,1,0,0.7438029050827026,1,0.5424726605415344,1.0,C:\Pneumonia_Project\gradcam_outputs\orig_0440_person1649_virus_2850.jpeg,C:\Pneumonia_Project\gradcam_outputs\overlay_0440_person1649_virus_2850.jpeg
441,C:\Pneumonia_Project\chest_xray\test\PNEUMONIA\person1650_virus_2852.jpeg,1,1,0.8617865443229675,1,0.6118717789649963,1.0,C:\Pneumonia_Project\gradcam_outputs\orig_0441_person1650_virus_2852.jpeg,C:\Pneumonia_Project\gradcam_outputs\overlay_0441_person1650_virus_2852.jpeg
442,C:\Pneumonia_Project\chest_xray\test\PNEUMONIA\person1650_virus_2854.jpeg,1,1,0.8540435433387756,1,0.6138529777526855,1.0,C:\Pneumonia_Project\gradcam_outputs\orig_0442_person1650_virus_2854.jpeg,C:\Pneumonia_Project\gradcam_outputs\overlay_0442_person1650_virus_2854.jpeg
443,C:\Pneumonia_Project\chest_xray\test\PNEUMONIA\person1651_virus_2855.jpeg,1,1,0.9841747879981995,1,0.5766825079917908,1.0,C:\Pneumonia_Project\gradcam_outputs\orig_0443_person1651_virus_2855.jpeg,C:\Pneumonia_Project\gradcam_outputs\overlay_0443_person1651_virus_2855.jpeg
444,C:\Pneumonia_Project\chest_xray\test\PNEUMONIA\person1653_virus_2858.jpeg,1,0,0.3993570804595947,1,0.37116679549217224,1.0,C:\Pneumonia_Project\gradcam_outputs\orig_0444_person1653_virus_2858.jpeg,C:\Pneumonia_Project\gradcam_outputs\overlay_0444_person1653_virus_2858.jpeg
445,C:\Pneumonia_Project\chest_xray\test\PNEUMONIA\person1653_virus_2859.jpeg,1,0,0.09165779501199722,0,0.2151254564523697,1.0,C:\Pneumonia_Project\gradcam_outputs\orig_0445_person1653_virus_2859.jpeg,
446,C:\Pneumonia_Project\chest_xray\test\PNEUMONIA\person1655_virus_2861.jpeg,1,0,0.3301977217197418,1,0.40780895948410034,1.0,C:\Pneumonia_Project\gradcam_outputs\orig_0446_person1655_virus_2861.jpeg,C:\Pneumonia_Project\gradcam_outputs\overlay_0446_person1655_virus_2861.jpeg
447,C:\Pneumonia_Project\chest_xray\test\PNEUMONIA\person1656_virus_2862.jpeg,1,0,0.4515901505947113,1,0.4529880881309509,1.0,C:\Pneumonia_Project\gradcam_outputs\orig_0447_person1656_virus_2862.jpeg,C:\Pneumonia_Project\gradcam_outputs\overlay_0447_person1656_virus_2862.jpeg
448,C:\Pneumonia_Project\chest_xray\test\PNEUMONIA\person1657_virus_2864.jpeg,1,0,0.776547908782959,1,0.5939697623252869,1.0,C:\Pneumonia_Project\gradcam_outputs\orig_0448_person1657_virus_2864.jpeg,C:\Pneumonia_Project\gradcam_outputs\overlay_0448_person1657_virus_2864.jpeg
449,C:\Pneumonia_Project\chest_xray\test\PNEUMONIA\person1659_virus_2867.jpeg,1,0,0.6198300719261169,1,0.503790557384491,1.0,C:\Pneumonia_Project\gradcam_outputs\orig_0449_person1659_virus_2867.jpeg,C:\Pneumonia_Project\gradcam_outputs\overlay_0449_person1659_virus_2867.jpeg
450,C:\Pneumonia_Project\chest_xray\test\PNEUMONIA\person1660_virus_2869.jpeg,1,1,0.9439347386360168,1,0.6221855282783508,1.0,C:\Pneumonia_Project\gradcam_outputs\orig_0450_person1660_virus_2869.jpeg,C:\Pneumonia_Project\gradcam_outputs\overlay_0450_person1660_virus_2869.jpeg
451,C:\Pneumonia_Project\chest_xray\test\PNEUMONIA\person1661_virus_2872.jpeg,1,1,0.9757649302482605,1,0.6223677396774292,1.0,C:\Pneumonia_Project\gradcam_outputs\orig_0451_person1661_virus_2872.jpeg,C:\Pneumonia_Project\gradcam_outputs\overlay_0451_person1661_virus_2872.jpeg
452,C:\Pneumonia_Project\chest_xray\test\PNEUMONIA\person1661_virus_2873.jpeg,1,1,0.9757649302482605,1,0.6223677396774292,1.0,C:\Pneumonia_Project\gradcam_outputs\orig_0452_person1661_virus_2873.jpeg,C:\Pneumonia_Project\gradcam_outputs\overlay_0452_person1661_virus_2873.jpeg
453,C:\Pneumonia_Project\chest_xray\test\PNEUMONIA\person1662_virus_2875.jpeg,1,0,0.7312631011009216,1,0.4268207848072052,1.0,C:\Pneumonia_Project\gradcam_outputs\orig_0453_person1662_virus_2875.jpeg,C:\Pneumonia_Project\gradcam_outputs\overlay_0453_person1662_virus_2875.jpeg
454,C:\Pneumonia_Project\chest_xray\test\PNEUMONIA\person1663_virus_2876.jpeg,1,1,0.991105854511261,1,0.6277382969856262,1.0,C:\Pneumonia_Project\gradcam_outputs\orig_0454_person1663_virus_2876.jpeg,C:\Pneumonia_Project\gradcam_outputs\overlay_0454_person1663_virus_2876.jpeg
455,C:\Pneumonia_Project\chest_xray\test\PNEUMONIA\person1664_virus_2877.jpeg,1,0,0.6310729384422302,1,0.3928515613079071,1.0,C:\Pneumonia_Project\gradcam_outputs\orig_0455_person1664_virus_2877.jpeg,C:\Pneumonia_Project\gradcam_outputs\overlay_0455_person1664_virus_2877.jpeg
456,C:\Pneumonia_Project\chest_xray\test\PNEUMONIA\person1665_virus_2878.jpeg,1,0,0.7907652258872986,1,0.6710335612297058,1.0,C:\Pneumonia_Project\gradcam_outputs\orig_0456_person1665_virus_2878.jpeg,C:\Pneumonia_Project\gradcam_outputs\overlay_0456_person1665_virus_2878.jpeg
457,C:\Pneumonia_Project\chest_xray\test\PNEUMONIA\person1667_virus_2881.jpeg,1,0,0.5881444215774536,1,0.47240540385246277,1.0,C:\Pneumonia_Project\gradcam_outputs\orig_0457_person1667_virus_2881.jpeg,C:\Pneumonia_Project\gradcam_outputs\overlay_0457_person1667_virus_2881.jpeg
458,C:\Pneumonia_Project\chest_xray\test\PNEUMONIA\person1668_virus_2882.jpeg,1,0,0.593914270401001,1,0.4128836989402771,1.0,C:\Pneumonia_Project\gradcam_outputs\orig_0458_person1668_virus_2882.jpeg,C:\Pneumonia_Project\gradcam_outputs\overlay_0458_person1668_virus_2882.jpeg
459,C:\Pneumonia_Project\chest_xray\test\PNEUMONIA\person1669_virus_2884.jpeg,1,0,0.7824525833129883,1,0.5141102075576782,1.0,C:\Pneumonia_Project\gradcam_outputs\orig_0459_person1669_virus_2884.jpeg,C:\Pneumonia_Project\gradcam_outputs\overlay_0459_person1669_virus_2884.jpeg
460,C:\Pneumonia_Project\chest_xray\test\PNEUMONIA\person1669_virus_2885.jpeg,1,0,0.6983112096786499,1,0.6017513871192932,1.0,C:\Pneumonia_Project\gradcam_outputs\orig_0460_person1669_virus_2885.jpeg,C:\Pneumonia_Project\gradcam_outputs\overlay_0460_person1669_virus_2885.jpeg
461,C:\Pneumonia_Project\chest_xray\test\PNEUMONIA\person1670_virus_2886.jpeg,1,1,0.9291571974754333,1,0.5450987815856934,1.0,C:\Pneumonia_Project\gradcam_outputs\orig_0461_person1670_virus_2886.jpeg,C:\Pneumonia_Project\gradcam_outputs\overlay_0461_person1670_virus_2886.jpeg
462,C:\Pneumonia_Project\chest_xray\test\PNEUMONIA\person1671_virus_2887.jpeg,1,0,0.4134209156036377,1,0.24209220707416534,1.0,C:\Pneumonia_Project\gradcam_outputs\orig_0462_person1671_virus_2887.jpeg,C:\Pneumonia_Project\gradcam_outputs\overlay_0462_person1671_virus_2887.jpeg
463,C:\Pneumonia_Project\chest_xray\test\PNEUMONIA\person1672_virus_2888.jpeg,1,0,0.5530470609664917,1,0.3963562250137329,1.0,C:\Pneumonia_Project\gradcam_outputs\orig_0463_person1672_virus_2888.jpeg,C:\Pneumonia_Project\gradcam_outputs\overlay_0463_person1672_virus_2888.jpeg
464,C:\Pneumonia_Project\chest_xray\test\PNEUMONIA\person1673_virus_2889.jpeg,1,0,0.3166075348854065,1,0.30975839495658875,1.0,C:\Pneumonia_Project\gradcam_outputs\orig_0464_person1673_virus_2889.jpeg,C:\Pneumonia_Project\gradcam_outputs\overlay_0464_person1673_virus_2889.jpeg
465,C:\Pneumonia_Project\chest_xray\test\PNEUMONIA\person1674_virus_2890.jpeg,1,0,0.038179948925971985,0,0.09607702493667603,1.0,C:\Pneumonia_Project\gradcam_outputs\orig_0465_person1674_virus_2890.jpeg,
466,C:\Pneumonia_Project\chest_xray\test\PNEUMONIA\person1675_virus_2891.jpeg,1,0,0.6510779857635498,1,0.3959242105484009,1.0,C:\Pneumonia_Project\gradcam_outputs\orig_0466_person1675_virus_2891.jpeg,C:\Pneumonia_Project\gradcam_outputs\overlay_0466_person1675_virus_2891.jpeg
467,C:\Pneumonia_Project\chest_xray\test\PNEUMONIA\person1676_virus_2892.jpeg,1,0,0.3997325003147125,1,0.2957976460456848,1.0,C:\Pneumonia_Project\gradcam_outputs\orig_0467_person1676_virus_2892.jpeg,C:\Pneumonia_Project\gradcam_outputs\overlay_0467_person1676_virus_2892.jpeg
468,C:\Pneumonia_Project\chest_xray\test\PNEUMONIA\person1678_virus_2895.jpeg,1,1,0.9593690037727356,1,0.5604628920555115,1.0,C:\Pneumonia_Project\gradcam_outputs\orig_0468_person1678_virus_2895.jpeg,C:\Pneumonia_Project\gradcam_outputs\overlay_0468_person1678_virus_2895.jpeg
469,C:\Pneumonia_Project\chest_xray\test\PNEUMONIA\person1679_virus_2896.jpeg,1,1,0.940904974937439,1,0.7077922821044922,1.0,C:\Pneumonia_Project\gradcam_outputs\orig_0469_person1679_virus_2896.jpeg,C:\Pneumonia_Project\gradcam_outputs\overlay_0469_person1679_virus_2896.jpeg
470,C:\Pneumonia_Project\chest_xray\test\PNEUMONIA\person1680_virus_2897.jpeg,1,1,0.8740442395210266,1,0.4841196835041046,1.0,C:\Pneumonia_Project\gradcam_outputs\orig_0470_person1680_virus_2897.jpeg,C:\Pneumonia_Project\gradcam_outputs\overlay_0470_person1680_virus_2897.jpeg
471,C:\Pneumonia_Project\chest_xray\test\PNEUMONIA\person1682_virus_2899.jpeg,1,0,0.4096064865589142,1,0.2775052785873413,1.0,C:\Pneumonia_Project\gradcam_outputs\orig_0471_person1682_virus_2899.jpeg,C:\Pneumonia_Project\gradcam_outputs\overlay_0471_person1682_virus_2899.jpeg
472,C:\Pneumonia_Project\chest_xray\test\PNEUMONIA\person1685_virus_2903.jpeg,1,1,0.9065597653388977,1,0.507984459400177,1.0,C:\Pneumonia_Project\gradcam_outputs\orig_0472_person1685_virus_2903.jpeg,C:\Pneumonia_Project\gradcam_outputs\overlay_0472_person1685_virus_2903.jpeg
473,C:\Pneumonia_Project\chest_xray\test\PNEUMONIA\person16_virus_47.jpeg,1,0,0.5024962425231934,1,0.26456278562545776,1.0,C:\Pneumonia_Project\gradcam_outputs\orig_0473_person16_virus_47.jpeg,C:\Pneumonia_Project\gradcam_outputs\overlay_0473_person16_virus_47.jpeg
474,C:\Pneumonia_Project\chest_xray\test\PNEUMONIA\person171_bacteria_826.jpeg,1,1,0.8655142188072205,1,0.5322968363761902,1.0,C:\Pneumonia_Project\gradcam_outputs\orig_0474_person171_bacteria_826.jpeg,C:\Pneumonia_Project\gradcam_outputs\overlay_0474_person171_bacteria_826.jpeg
475,C:\Pneumonia_Project\chest_xray\test\PNEUMONIA\person172_bacteria_827.jpeg,1,1,0.9183090329170227,1,0.5625885128974915,1.0,C:\Pneumonia_Project\gradcam_outputs\orig_0475_person172_bacteria_827.jpeg,C:\Pneumonia_Project\gradcam_outputs\overlay_0475_person172_bacteria_827.jpeg
476,C:\Pneumonia_Project\chest_xray\test\PNEUMONIA\person172_bacteria_828.jpeg,1,0,0.7622269988059998,1,0.4440407156944275,1.0,C:\Pneumonia_Project\gradcam_outputs\orig_0476_person172_bacteria_828.jpeg,C:\Pneumonia_Project\gradcam_outputs\overlay_0476_person172_bacteria_828.jpeg
477,C:\Pneumonia_Project\chest_xray\test\PNEUMONIA\person173_bacteria_829.jpeg,1,1,0.8737660646438599,1,0.5381060838699341,1.0,C:\Pneumonia_Project\gradcam_outputs\orig_0477_person173_bacteria_829.jpeg,C:\Pneumonia_Project\gradcam_outputs\overlay_0477_person173_bacteria_829.jpeg
478,C:\Pneumonia_Project\chest_xray\test\PNEUMONIA\person173_bacteria_830.jpeg,1,1,0.9681093096733093,1,0.6385965347290039,1.0,C:\Pneumonia_Project\gradcam_outputs\orig_0478_person173_bacteria_830.jpeg,C:\Pneumonia_Project\gradcam_outputs\overlay_0478_person173_bacteria_830.jpeg
479,C:\Pneumonia_Project\chest_xray\test\PNEUMONIA\person173_bacteria_831.jpeg,1,0,0.1105058342218399,0,0.20750567317008972,1.0,C:\Pneumonia_Project\gradcam_outputs\orig_0479_person173_bacteria_831.jpeg,
480,C:\Pneumonia_Project\chest_xray\test\PNEUMONIA\person174_bacteria_832.jpeg,1,0,0.6626174449920654,1,0.5752431154251099,1.0,C:\Pneumonia_Project\gradcam_outputs\orig_0480_person174_bacteria_832.jpeg,C:\Pneumonia_Project\gradcam_outputs\overlay_0480_person174_bacteria_832.jpeg
481,C:\Pneumonia_Project\chest_xray\test\PNEUMONIA\person175_bacteria_833.jpeg,1,0,0.7716388702392578,1,0.4847956597805023,1.0,C:\Pneumonia_Project\gradcam_outputs\orig_0481_person175_bacteria_833.jpeg,C:\Pneumonia_Project\gradcam_outputs\overlay_0481_person175_bacteria_833.jpeg
482,C:\Pneumonia_Project\chest_xray\test\PNEUMONIA\person175_bacteria_834.jpeg,1,1,0.8478605151176453,1,0.5017938017845154,1.0,C:\Pneumonia_Project\gradcam_outputs\orig_0482_person175_bacteria_834.jpeg,C:\Pneumonia_Project\gradcam_outputs\overlay_0482_person175_bacteria_834.jpeg
483,C:\Pneumonia_Project\chest_xray\test\PNEUMONIA\person175_bacteria_835.jpeg,1,1,0.9885717630386353,1,0.6581510901451111,1.0,C:\Pneumonia_Project\gradcam_outputs\orig_0483_person175_bacteria_835.jpeg,C:\Pneumonia_Project\gradcam_outputs\overlay_0483_person175_bacteria_835.jpeg
484,C:\Pneumonia_Project\chest_xray\test\PNEUMONIA\person17_virus_48.jpeg,1,0,0.5670245885848999,1,0.5056151747703552,1.0,C:\Pneumonia_Project\gradcam_outputs\orig_0484_person17_virus_48.jpeg,C:\Pneumonia_Project\gradcam_outputs\overlay_0484_person17_virus_48.jpeg
485,C:\Pneumonia_Project\chest_xray\test\PNEUMONIA\person18_virus_49.jpeg,1,1,0.8832459449768066,1,0.6127930879592896,1.0,C:\Pneumonia_Project\gradcam_outputs\orig_0485_person18_virus_49.jpeg,C:\Pneumonia_Project\gradcam_outputs\overlay_0485_person18_virus_49.jpeg
486,C:\Pneumonia_Project\chest_xray\test\PNEUMONIA\person19_virus_50.jpeg,1,0,0.6390292048454285,1,0.5387794375419617,1.0,C:\Pneumonia_Project\gradcam_outputs\orig_0486_person19_virus_50.jpeg,C:\Pneumonia_Project\gradcam_outputs\overlay_0486_person19_virus_50.jpeg
487,C:\Pneumonia_Project\chest_xray\test\PNEUMONIA\person1_virus_11.jpeg,1,1,0.9921691417694092,1,0.6397489309310913,1.0,C:\Pneumonia_Project\gradcam_outputs\orig_0487_person1_virus_11.jpeg,C:\Pneumonia_Project\gradcam_outputs\overlay_0487_person1_virus_11.jpeg
488,C:\Pneumonia_Project\chest_xray\test\PNEUMONIA\person1_virus_12.jpeg,1,1,0.9884333610534668,1,0.6076016426086426,1.0,C:\Pneumonia_Project\gradcam_outputs\orig_0488_person1_virus_12.jpeg,C:\Pneumonia_Project\gradcam_outputs\overlay_0488_person1_virus_12.jpeg
489,C:\Pneumonia_Project\chest_xray\test\PNEUMONIA\person1_virus_13.jpeg,1,1,0.8683003187179565,1,0.4223552644252777,1.0,C:\Pneumonia_Project\gradcam_outputs\orig_0489_person1_virus_13.jpeg,C:\Pneumonia_Project\gradcam_outputs\overlay_0489_person1_virus_13.jpeg
490,C:\Pneumonia_Project\chest_xray\test\PNEUMONIA\person1_virus_6.jpeg,1,1,0.9299261569976807,1,0.6932986378669739,1.0,C:\Pneumonia_Project\gradcam_outputs\orig_0490_person1_virus_6.jpeg,C:\Pneumonia_Project\gradcam_outputs\overlay_0490_person1_virus_6.jpeg
491,C:\Pneumonia_Project\chest_xray\test\PNEUMONIA\person1_virus_7.jpeg,1,1,0.9946747422218323,1,0.63564532995224,1.0,C:\Pneumonia_Project\gradcam_outputs\orig_0491_person1_virus_7.jpeg,C:\Pneumonia_Project\gradcam_outputs\overlay_0491_person1_virus_7.jpeg
492,C:\Pneumonia_Project\chest_xray\test\PNEUMONIA\person1_virus_8.jpeg,1,1,0.9903754591941833,1,0.677237868309021,1.0,C:\Pneumonia_Project\gradcam_outputs\orig_0492_person1_virus_8.jpeg,C:\Pneumonia_Project\gradcam_outputs\overlay_0492_person1_virus_8.jpeg
493,C:\Pneumonia_Project\chest_xray\test\PNEUMONIA\person1_virus_9.jpeg,1,1,0.9422308802604675,1,0.6341764330863953,1.0,C:\Pneumonia_Project\gradcam_outputs\orig_0493_person1_virus_9.jpeg,C:\Pneumonia_Project\gradcam_outputs\overlay_0493_person1_virus_9.jpeg
494,C:\Pneumonia_Project\chest_xray\test\PNEUMONIA\person20_virus_51.jpeg,1,0,0.2728879451751709,1,0.3739325702190399,1.0,C:\Pneumonia_Project\gradcam_outputs\orig_0494_person20_virus_51.jpeg,C:\Pneumonia_Project\gradcam_outputs\overlay_0494_person20_virus_51.jpeg
495,C:\Pneumonia_Project\chest_xray\test\PNEUMONIA\person21_virus_52.jpeg,1,1,0.9489488005638123,1,0.5474172830581665,1.0,C:\Pneumonia_Project\gradcam_outputs\orig_0495_person21_virus_52.jpeg,C:\Pneumonia_Project\gradcam_outputs\overlay_0495_person21_virus_52.jpeg
496,C:\Pneumonia_Project\chest_xray\test\PNEUMONIA\person21_virus_53.jpeg,1,0,0.5056149363517761,1,0.4174301326274872,1.0,C:\Pneumonia_Project\gradcam_outputs\orig_0496_person21_virus_53.jpeg,C:\Pneumonia_Project\gradcam_outputs\overlay_0496_person21_virus_53.jpeg
497,C:\Pneumonia_Project\chest_xray\test\PNEUMONIA\person22_virus_54.jpeg,1,1,0.9543335437774658,1,0.6624652743339539,1.0,C:\Pneumonia_Project\gradcam_outputs\orig_0497_person22_virus_54.jpeg,C:\Pneumonia_Project\gradcam_outputs\overlay_0497_person22_virus_54.jpeg
498,C:\Pneumonia_Project\chest_xray\test\PNEUMONIA\person22_virus_55.jpeg,1,0,0.3310416638851166,1,0.3150651454925537,1.0,C:\Pneumonia_Project\gradcam_outputs\orig_0498_person22_virus_55.jpeg,C:\Pneumonia_Project\gradcam_outputs\overlay_0498_person22_virus_55.jpeg
499,C:\Pneumonia_Project\chest_xray\test\PNEUMONIA\person23_virus_56.jpeg,1,0,0.7761885523796082,1,0.3970947563648224,1.0,C:\Pneumonia_Project\gradcam_outputs\orig_0499_person23_virus_56.jpeg,C:\Pneumonia_Project\gradcam_outputs\overlay_0499_person23_virus_56.jpeg
500,C:\Pneumonia_Project\chest_xray\test\PNEUMONIA\person24_virus_58.jpeg,1,0,0.5841090679168701,1,0.2954052984714508,1.0,C:\Pneumonia_Project\gradcam_outputs\orig_0500_person24_virus_58.jpeg,C:\Pneumonia_Project\gradcam_outputs\overlay_0500_person24_virus_58.jpeg
501,C:\Pneumonia_Project\chest_xray\test\PNEUMONIA\person25_virus_59.jpeg,1,0,0.46751946210861206,1,0.43623995780944824,1.0,C:\Pneumonia_Project\gradcam_outputs\orig_0501_person25_virus_59.jpeg,C:\Pneumonia_Project\gradcam_outputs\overlay_0501_person25_virus_59.jpeg
502,C:\Pneumonia_Project\chest_xray\test\PNEUMONIA\person26_virus_60.jpeg,1,1,0.9550438523292542,1,0.5621181726455688,1.0,C:\Pneumonia_Project\gradcam_outputs\orig_0502_person26_virus_60.jpeg,C:\Pneumonia_Project\gradcam_outputs\overlay_0502_person26_virus_60.jpeg
503,C:\Pneumonia_Project\chest_xray\test\PNEUMONIA\person28_virus_62.jpeg,1,0,0.4667007029056549,1,0.3261106312274933,1.0,C:\Pneumonia_Project\gradcam_outputs\orig_0503_person28_virus_62.jpeg,C:\Pneumonia_Project\gradcam_outputs\overlay_0503_person28_virus_62.jpeg
504,C:\Pneumonia_Project\chest_xray\test\PNEUMONIA\person28_virus_63.jpeg,1,0,0.60530024766922,1,0.2753807306289673,1.0,C:\Pneumonia_Project\gradcam_outputs\orig_0504_person28_virus_63.jpeg,C:\Pneumonia_Project\gradcam_outputs\overlay_0504_person28_virus_63.jpeg
505,C:\Pneumonia_Project\chest_xray\test\PNEUMONIA\person29_virus_64.jpeg,1,1,0.9295401573181152,1,0.5357136130332947,1.0,C:\Pneumonia_Project\gradcam_outputs\orig_0505_person29_virus_64.jpeg,C:\Pneumonia_Project\gradcam_outputs\overlay_0505_person29_virus_64.jpeg
506,C:\Pneumonia_Project\chest_xray\test\PNEUMONIA\person30_virus_69.jpeg,1,0,0.6319741010665894,1,0.5025479197502136,1.0,C:\Pneumonia_Project\gradcam_outputs\orig_0506_person30_virus_69.jpeg,C:\Pneumonia_Project\gradcam_outputs\overlay_0506_person30_virus_69.jpeg
507,C:\Pneumonia_Project\chest_xray\test\PNEUMONIA\person31_virus_70.jpeg,1,0,0.7767508625984192,1,0.5802814960479736,1.0,C:\Pneumonia_Project\gradcam_outputs\orig_0507_person31_virus_70.jpeg,C:\Pneumonia_Project\gradcam_outputs\overlay_0507_person31_virus_70.jpeg
508,C:\Pneumonia_Project\chest_xray\test\PNEUMONIA\person32_virus_71.jpeg,1,0,0.6998523473739624,1,0.4360518157482147,1.0,C:\Pneumonia_Project\gradcam_outputs\orig_0508_person32_virus_71.jpeg,C:\Pneumonia_Project\gradcam_outputs\overlay_0508_person32_virus_71.jpeg
509,C:\Pneumonia_Project\chest_xray\test\PNEUMONIA\person33_virus_72.jpeg,1,0,0.8024489879608154,1,0.5123157501220703,1.0,C:\Pneumonia_Project\gradcam_outputs\orig_0509_person33_virus_72.jpeg,C:\Pneumonia_Project\gradcam_outputs\overlay_0509_person33_virus_72.jpeg
510,C:\Pneumonia_Project\chest_xray\test\PNEUMONIA\person34_virus_76.jpeg,1,0,0.1512310653924942,0,0.2612195909023285,1.0,C:\Pneumonia_Project\gradcam_outputs\orig_0510_person34_virus_76.jpeg,
511,C:\Pneumonia_Project\chest_xray\test\PNEUMONIA\person35_virus_80.jpeg,1,0,0.6460533738136292,1,0.3672771751880646,1.0,C:\Pneumonia_Project\gradcam_outputs\orig_0511_person35_virus_80.jpeg,C:\Pneumonia_Project\gradcam_outputs\overlay_0511_person35_virus_80.jpeg
512,C:\Pneumonia_Project\chest_xray\test\PNEUMONIA\person36_virus_81.jpeg,1,0,0.6242850422859192,1,0.26297974586486816,1.0,C:\Pneumonia_Project\gradcam_outputs\orig_0512_person36_virus_81.jpeg,C:\Pneumonia_Project\gradcam_outputs\overlay_0512_person36_virus_81.jpeg
513,C:\Pneumonia_Project\chest_xray\test\PNEUMONIA\person37_virus_82.jpeg,1,0,0.4130384027957916,1,0.32028892636299133,1.0,C:\Pneumonia_Project\gradcam_outputs\orig_0513_person37_virus_82.jpeg,C:\Pneumonia_Project\gradcam_outputs\overlay_0513_person37_virus_82.jpeg
514,C:\Pneumonia_Project\chest_xray\test\PNEUMONIA\person38_virus_83.jpeg,1,0,0.6249777674674988,1,0.2048061639070511,1.0,C:\Pneumonia_Project\gradcam_outputs\orig_0514_person38_virus_83.jpeg,C:\Pneumonia_Project\gradcam_outputs\overlay_0514_person38_virus_83.jpeg
515,C:\Pneumonia_Project\chest_xray\test\PNEUMONIA\person38_virus_84.jpeg,1,0,0.7202466726303101,1,0.36716336011886597,1.0,C:\Pneumonia_Project\gradcam_outputs\orig_0515_person38_virus_84.jpeg,C:\Pneumonia_Project\gradcam_outputs\overlay_0515_person38_virus_84.jpeg
516,C:\Pneumonia_Project\chest_xray\test\PNEUMONIA\person39_virus_85.jpeg,1,0,0.41618481278419495,1,0.4082156717777252,1.0,C:\Pneumonia_Project\gradcam_outputs\orig_0516_person39_virus_85.jpeg,C:\Pneumonia_Project\gradcam_outputs\overlay_0516_person39_virus_85.jpeg
517,C:\Pneumonia_Project\chest_xray\test\PNEUMONIA\person3_virus_15.jpeg,1,1,0.8871369361877441,1,0.648006796836853,1.0,C:\Pneumonia_Project\gradcam_outputs\orig_0517_person3_virus_15.jpeg,C:\Pneumonia_Project\gradcam_outputs\overlay_0517_person3_virus_15.jpeg
518,C:\Pneumonia_Project\chest_xray\test\PNEUMONIA\person3_virus_16.jpeg,1,1,0.9185672998428345,1,0.5179095268249512,1.0,C:\Pneumonia_Project\gradcam_outputs\orig_0518_person3_virus_16.jpeg,C:\Pneumonia_Project\gradcam_outputs\overlay_0518_person3_virus_16.jpeg
519,C:\Pneumonia_Project\chest_xray\test\PNEUMONIA\person3_virus_17.jpeg,1,0,0.38808226585388184,1,0.2998049557209015,1.0,C:\Pneumonia_Project\gradcam_outputs\orig_0519_person3_virus_17.jpeg,C:\Pneumonia_Project\gradcam_outputs\overlay_0519_person3_virus_17.jpeg
520,C:\Pneumonia_Project\chest_xray\test\PNEUMONIA\person40_virus_87.jpeg,1,0,0.08733774721622467,0,0.1981411576271057,1.0,C:\Pneumonia_Project\gradcam_outputs\orig_0520_person40_virus_87.jpeg,
521,C:\Pneumonia_Project\chest_xray\test\PNEUMONIA\person41_virus_88.jpeg,1,0,0.20503519475460052,0,0.24107737839221954,1.0,C:\Pneumonia_Project\gradcam_outputs\orig_0521_person41_virus_88.jpeg,
522,C:\Pneumonia_Project\chest_xray\test\PNEUMONIA\person42_virus_89.jpeg,1,0,0.6666876673698425,1,0.4453134536743164,1.0,C:\Pneumonia_Project\gradcam_outputs\orig_0522_person42_virus_89.jpeg,C:\Pneumonia_Project\gradcam_outputs\overlay_0522_person42_virus_89.jpeg
523,C:\Pneumonia_Project\chest_xray\test\PNEUMONIA\person43_virus_92.jpeg,1,0,0.7702914476394653,1,0.5711809396743774,1.0,C:\Pneumonia_Project\gradcam_outputs\orig_0523_person43_virus_92.jpeg,C:\Pneumonia_Project\gradcam_outputs\overlay_0523_person43_virus_92.jpeg
524,C:\Pneumonia_Project\chest_xray\test\PNEUMONIA\person44_virus_93.jpeg,1,0,0.7051106095314026,1,0.4659712314605713,1.0,C:\Pneumonia_Project\gradcam_outputs\orig_0524_person44_virus_93.jpeg,C:\Pneumonia_Project\gradcam_outputs\overlay_0524_person44_virus_93.jpeg
525,C:\Pneumonia_Project\chest_xray\test\PNEUMONIA\person44_virus_94.jpeg,1,0,0.38007423281669617,1,0.267708957195282,1.0,C:\Pneumonia_Project\gradcam_outputs\orig_0525_person44_virus_94.jpeg,C:\Pneumonia_Project\gradcam_outputs\overlay_0525_person44_virus_94.jpeg
526,C:\Pneumonia_Project\chest_xray\test\PNEUMONIA\person45_virus_95.jpeg,1,0,0.7057890892028809,1,0.3917994201183319,1.0,C:\Pneumonia_Project\gradcam_outputs\orig_0526_person45_virus_95.jpeg,C:\Pneumonia_Project\gradcam_outputs\overlay_0526_person45_virus_95.jpeg
527,C:\Pneumonia_Project\chest_xray\test\PNEUMONIA\person46_virus_96.jpeg,1,1,0.8745697140693665,1,0.5418311357498169,1.0,C:\Pneumonia_Project\gradcam_outputs\orig_0527_person46_virus_96.jpeg,C:\Pneumonia_Project\gradcam_outputs\overlay_0527_person46_virus_96.jpeg
528,C:\Pneumonia_Project\chest_xray\test\PNEUMONIA\person47_virus_99.jpeg,1,1,0.9408609867095947,1,0.5759506821632385,1.0,C:\Pneumonia_Project\gradcam_outputs\orig_0528_person47_virus_99.jpeg,C:\Pneumonia_Project\gradcam_outputs\overlay_0528_person47_virus_99.jpeg
529,C:\Pneumonia_Project\chest_xray\test\PNEUMONIA\person48_virus_100.jpeg,1,0,0.6945891976356506,1,0.430337131023407,1.0,C:\Pneumonia_Project\gradcam_outputs\orig_0529_person48_virus_100.jpeg,C:\Pneumonia_Project\gradcam_outputs\overlay_0529_person48_virus_100.jpeg
530,C:\Pneumonia_Project\chest_xray\test\PNEUMONIA\person49_virus_101.jpeg,1,0,0.17027004063129425,0,0.3044390380382538,1.0,C:\Pneumonia_Project\gradcam_outputs\orig_0530_person49_virus_101.jpeg,
531,C:\Pneumonia_Project\chest_xray\test\PNEUMONIA\person50_virus_102.jpeg,1,1,0.9108923077583313,1,0.6119934320449829,1.0,C:\Pneumonia_Project\gradcam_outputs\orig_0531_person50_virus_102.jpeg,C:\Pneumonia_Project\gradcam_outputs\overlay_0531_person50_virus_102.jpeg
532,C:\Pneumonia_Project\chest_xray\test\PNEUMONIA\person51_virus_105.jpeg,1,0,0.3331294357776642,1,0.3570198714733124,1.0,C:\Pneumonia_Project\gradcam_outputs\orig_0532_person51_virus_105.jpeg,C:\Pneumonia_Project\gradcam_outputs\overlay_0532_person51_virus_105.jpeg
533,C:\Pneumonia_Project\chest_xray\test\PNEUMONIA\person52_virus_106.jpeg,1,0,0.4766855835914612,1,0.2581530809402466,1.0,C:\Pneumonia_Project\gradcam_outputs\orig_0533_person52_virus_106.jpeg,C:\Pneumonia_Project\gradcam_outputs\overlay_0533_person52_virus_106.jpeg
534,C:\Pneumonia_Project\chest_xray\test\PNEUMONIA\person53_virus_107.jpeg,1,0,0.7834696173667908,1,0.49463221430778503,1.0,C:\Pneumonia_Project\gradcam_outputs\orig_0534_person53_virus_107.jpeg,C:\Pneumonia_Project\gradcam_outputs\overlay_0534_person53_virus_107.jpeg
535,C:\Pneumonia_Project\chest_xray\test\PNEUMONIA\person53_virus_108.jpeg,1,1,0.9236374497413635,1,0.6771775484085083,1.0,C:\Pneumonia_Project\gradcam_outputs\orig_0535_person53_virus_108.jpeg,C:\Pneumonia_Project\gradcam_outputs\overlay_0535_person53_virus_108.jpeg
536,C:\Pneumonia_Project\chest_xray\test\PNEUMONIA\person54_virus_109.jpeg,1,0,0.5189346075057983,1,0.4259660542011261,1.0,C:\Pneumonia_Project\gradcam_outputs\orig_0536_person54_virus_109.jpeg,C:\Pneumonia_Project\gradcam_outputs\overlay_0536_person54_virus_109.jpeg
537,C:\Pneumonia_Project\chest_xray\test\PNEUMONIA\person55_virus_110.jpeg,1,0,0.7196521759033203,1,0.38745033740997314,1.0,C:\Pneumonia_Project\gradcam_outputs\orig_0537_person55_virus_110.jpeg,C:\Pneumonia_Project\gradcam_outputs\overlay_0537_person55_virus_110.jpeg
538,C:\Pneumonia_Project\chest_xray\test\PNEUMONIA\person56_virus_112.jpeg,1,1,0.9241429567337036,1,0.5847126245498657,1.0,C:\Pneumonia_Project\gradcam_outputs\orig_0538_person56_virus_112.jpeg,C:\Pneumonia_Project\gradcam_outputs\overlay_0538_person56_virus_112.jpeg
539,C:\Pneumonia_Project\chest_xray\test\PNEUMONIA\person57_virus_113.jpeg,1,0,0.8100503087043762,1,0.41818004846572876,1.0,C:\Pneumonia_Project\gradcam_outputs\orig_0539_person57_virus_113.jpeg,C:\Pneumonia_Project\gradcam_outputs\overlay_0539_person57_virus_113.jpeg
540,C:\Pneumonia_Project\chest_xray\test\PNEUMONIA\person59_virus_116.jpeg,1,0,0.6672523617744446,1,0.5510977506637573,1.0,C:\Pneumonia_Project\gradcam_outputs\orig_0540_person59_virus_116.jpeg,C:\Pneumonia_Project\gradcam_outputs\overlay_0540_person59_virus_116.jpeg
541,C:\Pneumonia_Project\chest_xray\test\PNEUMONIA\person60_virus_117.jpeg,1,0,0.5105065703392029,1,0.45837289094924927,1.0,C:\Pneumonia_Project\gradcam_outputs\orig_0541_person60_virus_117.jpeg,C:\Pneumonia_Project\gradcam_outputs\overlay_0541_person60_virus_117.jpeg
542,C:\Pneumonia_Project\chest_xray\test\PNEUMONIA\person61_virus_118.jpeg,1,1,0.8874077200889587,1,0.6425184607505798,1.0,C:\Pneumonia_Project\gradcam_outputs\orig_0542_person61_virus_118.jpeg,C:\Pneumonia_Project\gradcam_outputs\overlay_0542_person61_virus_118.jpeg
543,C:\Pneumonia_Project\chest_xray\test\PNEUMONIA\person62_virus_119.jpeg,1,0,0.537239134311676,1,0.3489820063114166,1.0,C:\Pneumonia_Project\gradcam_outputs\orig_0543_person62_virus_119.jpeg,C:\Pneumonia_Project\gradcam_outputs\overlay_0543_person62_virus_119.jpeg
544,C:\Pneumonia_Project\chest_xray\test\PNEUMONIA\person63_virus_121.jpeg,1,0,0.634043276309967,1,0.27674534916877747,1.0,C:\Pneumonia_Project\gradcam_outputs\orig_0544_person63_virus_121.jpeg,C:\Pneumonia_Project\gradcam_outputs\overlay_0544_person63_virus_121.jpeg
545,C:\Pneumonia_Project\chest_xray\test\PNEUMONIA\person64_virus_122.jpeg,1,1,0.866638720035553,1,0.5550361275672913,1.0,C:\Pneumonia_Project\gradcam_outputs\orig_0545_person64_virus_122.jpeg,C:\Pneumonia_Project\gradcam_outputs\overlay_0545_person64_virus_122.jpeg
546,C:\Pneumonia_Project\chest_xray\test\PNEUMONIA\person65_virus_123.jpeg,1,0,0.5849732756614685,1,0.48285457491874695,1.0,C:\Pneumonia_Project\gradcam_outputs\orig_0546_person65_virus_123.jpeg,C:\Pneumonia_Project\gradcam_outputs\overlay_0546_person65_virus_123.jpeg
547,C:\Pneumonia_Project\chest_xray\test\PNEUMONIA\person66_virus_125.jpeg,1,0,0.8300054669380188,1,0.3624746799468994,1.0,C:\Pneumonia_Project\gradcam_outputs\orig_0547_person66_virus_125.jpeg,C:\Pneumonia_Project\gradcam_outputs\overlay_0547_person66_virus_125.jpeg
548,C:\Pneumonia_Project\chest_xray\test\PNEUMONIA\person67_virus_126.jpeg,1,1,0.9895179867744446,1,0.6418784260749817,1.0,C:\Pneumonia_Project\gradcam_outputs\orig_0548_person67_virus_126.jpeg,C:\Pneumonia_Project\gradcam_outputs\overlay_0548_person67_virus_126.jpeg
549,C:\Pneumonia_Project\chest_xray\test\PNEUMONIA\person69_virus_129.jpeg,1,1,0.9972638487815857,1,0.5602536201477051,1.0,C:\Pneumonia_Project\gradcam_outputs\orig_0549_person69_virus_129.jpeg,C:\Pneumonia_Project\gradcam_outputs\overlay_0549_person69_virus_129.jpeg
550,C:\Pneumonia_Project\chest_xray\test\PNEUMONIA\person70_virus_130.jpeg,1,0,0.5272927284240723,1,0.32336026430130005,1.0,C:\Pneumonia_Project\gradcam_outputs\orig_0550_person70_virus_130.jpeg,C:\Pneumonia_Project\gradcam_outputs\overlay_0550_person70_virus_130.jpeg
551,C:\Pneumonia_Project\chest_xray\test\PNEUMONIA\person71_virus_131.jpeg,1,0,0.7918129563331604,1,0.484885036945343,1.0,C:\Pneumonia_Project\gradcam_outputs\orig_0551_person71_virus_131.jpeg,C:\Pneumonia_Project\gradcam_outputs\overlay_0551_person71_virus_131.jpeg
552,C:\Pneumonia_Project\chest_xray\test\PNEUMONIA\person71_virus_132.jpeg,1,0,0.5931568145751953,1,0.3669757843017578,1.0,C:\Pneumonia_Project\gradcam_outputs\orig_0552_person71_virus_132.jpeg,C:\Pneumonia_Project\gradcam_outputs\overlay_0552_person71_virus_132.jpeg
553,C:\Pneumonia_Project\chest_xray\test\PNEUMONIA\person72_virus_133.jpeg,1,0,0.8147304654121399,1,0.4990629255771637,1.0,C:\Pneumonia_Project\gradcam_outputs\orig_0553_person72_virus_133.jpeg,C:\Pneumonia_Project\gradcam_outputs\overlay_0553_person72_virus_133.jpeg
554,C:\Pneumonia_Project\chest_xray\test\PNEUMONIA\person74_virus_135.jpeg,1,1,0.8567814230918884,1,0.5597230195999146,1.0,C:\Pneumonia_Project\gradcam_outputs\orig_0554_person74_virus_135.jpeg,C:\Pneumonia_Project\gradcam_outputs\overlay_0554_person74_virus_135.jpeg
555,C:\Pneumonia_Project\chest_xray\test\PNEUMONIA\person75_virus_136.jpeg,1,1,0.8751605749130249,1,0.5689466595649719,1.0,C:\Pneumonia_Project\gradcam_outputs\orig_0555_person75_virus_136.jpeg,C:\Pneumonia_Project\gradcam_outputs\overlay_0555_person75_virus_136.jpeg
556,C:\Pneumonia_Project\chest_xray\test\PNEUMONIA\person76_virus_138.jpeg,1,0,0.33652764558792114,1,0.35400646924972534,1.0,C:\Pneumonia_Project\gradcam_outputs\orig_0556_person76_virus_138.jpeg,C:\Pneumonia_Project\gradcam_outputs\overlay_0556_person76_virus_138.jpeg
557,C:\Pneumonia_Project\chest_xray\test\PNEUMONIA\person77_virus_139.jpeg,1,1,0.9565322399139404,1,0.6205990314483643,1.0,C:\Pneumonia_Project\gradcam_outputs\orig_0557_person77_virus_139.jpeg,C:\Pneumonia_Project\gradcam_outputs\overlay_0557_person77_virus_139.jpeg
558,C:\Pneumonia_Project\chest_xray\test\PNEUMONIA\person78_bacteria_378.jpeg,1,0,0.5206018090248108,1,0.3584064245223999,1.0,C:\Pneumonia_Project\gradcam_outputs\orig_0558_person78_bacteria_378.jpeg,C:\Pneumonia_Project\gradcam_outputs\overlay_0558_person78_bacteria_378.jpeg
559,C:\Pneumonia_Project\chest_xray\test\PNEUMONIA\person78_bacteria_380.jpeg,1,1,0.9890438318252563,1,0.6406822204589844,1.0,C:\Pneumonia_Project\gradcam_outputs\orig_0559_person78_bacteria_380.jpeg,C:\Pneumonia_Project\gradcam_outputs\overlay_0559_person78_bacteria_380.jpeg
560,C:\Pneumonia_Project\chest_xray\test\PNEUMONIA\person78_bacteria_381.jpeg,1,1,0.90006023645401,1,0.5411185026168823,1.0,C:\Pneumonia_Project\gradcam_outputs\orig_0560_person78_bacteria_381.jpeg,C:\Pneumonia_Project\gradcam_outputs\overlay_0560_person78_bacteria_381.jpeg
561,C:\Pneumonia_Project\chest_xray\test\PNEUMONIA\person78_bacteria_382.jpeg,1,0,0.6988507509231567,1,0.5013651847839355,1.0,C:\Pneumonia_Project\gradcam_outputs\orig_0561_person78_bacteria_382.jpeg,C:\Pneumonia_Project\gradcam_outputs\overlay_0561_person78_bacteria_382.jpeg
562,C:\Pneumonia_Project\chest_xray\test\PNEUMONIA\person78_bacteria_384.jpeg,1,1,0.9658332467079163,1,0.6631526350975037,1.0,C:\Pneumonia_Project\gradcam_outputs\orig_0562_person78_bacteria_384.jpeg,C:\Pneumonia_Project\gradcam_outputs\overlay_0562_person78_bacteria_384.jpeg
563,C:\Pneumonia_Project\chest_xray\test\PNEUMONIA\person78_bacteria_385.jpeg,1,1,0.9625608921051025,1,0.5122684836387634,1.0,C:\Pneumonia_Project\gradcam_outputs\orig_0563_person78_bacteria_385.jpeg,C:\Pneumonia_Project\gradcam_outputs\overlay_0563_person78_bacteria_385.jpeg
564,C:\Pneumonia_Project\chest_xray\test\PNEUMONIA\person78_bacteria_386.jpeg,1,1,0.9304959774017334,1,0.6143975257873535,1.0,C:\Pneumonia_Project\gradcam_outputs\orig_0564_person78_bacteria_386.jpeg,C:\Pneumonia_Project\gradcam_outputs\overlay_0564_person78_bacteria_386.jpeg
565,C:\Pneumonia_Project\chest_xray\test\PNEUMONIA\person78_bacteria_387.jpeg,1,0,0.3396993577480316,1,0.3259112536907196,1.0,C:\Pneumonia_Project\gradcam_outputs\orig_0565_person78_bacteria_387.jpeg,C:\Pneumonia_Project\gradcam_outputs\overlay_0565_person78_bacteria_387.jpeg
566,C:\Pneumonia_Project\chest_xray\test\PNEUMONIA\person78_virus_140.jpeg,1,1,0.9555279612541199,1,0.5600796341896057,1.0,C:\Pneumonia_Project\gradcam_outputs\orig_0566_person78_virus_140.jpeg,C:\Pneumonia_Project\gradcam_outputs\overlay_0566_person78_virus_140.jpeg
567,C:\Pneumonia_Project\chest_xray\test\PNEUMONIA\person79_virus_148.jpeg,1,0,0.1363607496023178,0,0.19298428297042847,1.0,C:\Pneumonia_Project\gradcam_outputs\orig_0567_person79_virus_148.jpeg,
568,C:\Pneumonia_Project\chest_xray\test\PNEUMONIA\person80_bacteria_389.jpeg,1,1,0.9337513446807861,1,0.5133147239685059,1.0,C:\Pneumonia_Project\gradcam_outputs\orig_0568_person80_bacteria_389.jpeg,C:\Pneumonia_Project\gradcam_outputs\overlay_0568_person80_bacteria_389.jpeg
569,C:\Pneumonia_Project\chest_xray\test\PNEUMONIA\person80_bacteria_390.jpeg,1,1,0.9932456612586975,1,0.6659417748451233,1.0,C:\Pneumonia_Project\gradcam_outputs\orig_0569_person80_bacteria_390.jpeg,C:\Pneumonia_Project\gradcam_outputs\overlay_0569_person80_bacteria_390.jpeg
570,C:\Pneumonia_Project\chest_xray\test\PNEUMONIA\person80_bacteria_391.jpeg,1,1,0.9748049974441528,1,0.6034631729125977,1.0,C:\Pneumonia_Project\gradcam_outputs\orig_0570_person80_bacteria_391.jpeg,C:\Pneumonia_Project\gradcam_outputs\overlay_0570_person80_bacteria_391.jpeg
571,C:\Pneumonia_Project\chest_xray\test\PNEUMONIA\person80_bacteria_392.jpeg,1,0,0.6940678358078003,1,0.4425385594367981,1.0,C:\Pneumonia_Project\gradcam_outputs\orig_0571_person80_bacteria_392.jpeg,C:\Pneumonia_Project\gradcam_outputs\overlay_0571_person80_bacteria_392.jpeg
572,C:\Pneumonia_Project\chest_xray\test\PNEUMONIA\person80_bacteria_393.jpeg,1,1,0.914570152759552,1,0.5872722268104553,1.0,C:\Pneumonia_Project\gradcam_outputs\orig_0572_person80_bacteria_393.jpeg,C:\Pneumonia_Project\gradcam_outputs\overlay_0572_person80_bacteria_393.jpeg
573,C:\Pneumonia_Project\chest_xray\test\PNEUMONIA\person81_bacteria_395.jpeg,1,0,0.8042076230049133,1,0.556878924369812,1.0,C:\Pneumonia_Project\gradcam_outputs\orig_0573_person81_bacteria_395.jpeg,C:\Pneumonia_Project\gradcam_outputs\overlay_0573_person81_bacteria_395.jpeg
574,C:\Pneumonia_Project\chest_xray\test\PNEUMONIA\person81_bacteria_396.jpeg,1,1,0.8766459822654724,1,0.57413250207901,1.0,C:\Pneumonia_Project\gradcam_outputs\orig_0574_person81_bacteria_396.jpeg,C:\Pneumonia_Project\gradcam_outputs\overlay_0574_person81_bacteria_396.jpeg
575,C:\Pneumonia_Project\chest_xray\test\PNEUMONIA\person81_bacteria_397.jpeg,1,1,0.9926536083221436,1,0.6087483763694763,1.0,C:\Pneumonia_Project\gradcam_outputs\orig_0575_person81_bacteria_397.jpeg,C:\Pneumonia_Project\gradcam_outputs\overlay_0575_person81_bacteria_397.jpeg
576,C:\Pneumonia_Project\chest_xray\test\PNEUMONIA\person81_bacteria_398.jpeg,1,1,0.8421841859817505,1,0.6470515131950378,1.0,C:\Pneumonia_Project\gradcam_outputs\orig_0576_person81_bacteria_398.jpeg,C:\Pneumonia_Project\gradcam_outputs\overlay_0576_person81_bacteria_398.jpeg
577,C:\Pneumonia_Project\chest_xray\test\PNEUMONIA\person82_bacteria_402.jpeg,1,1,0.8951442837715149,1,0.6121804714202881,1.0,C:\Pneumonia_Project\gradcam_outputs\orig_0577_person82_bacteria_402.jpeg,C:\Pneumonia_Project\gradcam_outputs\overlay_0577_person82_bacteria_402.jpeg
578,C:\Pneumonia_Project\chest_xray\test\PNEUMONIA\person82_bacteria_403.jpeg,1,1,0.9473488926887512,1,0.5648640394210815,1.0,C:\Pneumonia_Project\gradcam_outputs\orig_0578_person82_bacteria_403.jpeg,C:\Pneumonia_Project\gradcam_outputs\overlay_0578_person82_bacteria_403.jpeg
579,C:\Pneumonia_Project\chest_xray\test\PNEUMONIA\person82_bacteria_404.jpeg,1,1,0.9670944809913635,1,0.6099838018417358,1.0,C:\Pneumonia_Project\gradcam_outputs\orig_0579_person82_bacteria_404.jpeg,C:\Pneumonia_Project\gradcam_outputs\overlay_0579_person82_bacteria_404.jpeg
580,C:\Pneumonia_Project\chest_xray\test\PNEUMONIA\person82_bacteria_405.jpeg,1,0,0.5425585508346558,1,0.32992368936538696,1.0,C:\Pneumonia_Project\gradcam_outputs\orig_0580_person82_bacteria_405.jpeg,C:\Pneumonia_Project\gradcam_outputs\overlay_0580_person82_bacteria_405.jpeg
581,C:\Pneumonia_Project\chest_xray\test\PNEUMONIA\person83_bacteria_407.jpeg,1,0,0.11022448539733887,0,0.16429995000362396,1.0,C:\Pneumonia_Project\gradcam_outputs\orig_0581_person83_bacteria_407.jpeg,
582,C:\Pneumonia_Project\chest_xray\test\PNEUMONIA\person83_bacteria_409.jpeg,1,1,0.8466750979423523,1,0.5397958159446716,1.0,C:\Pneumonia_Project\gradcam_outputs\orig_0582_person83_bacteria_409.jpeg,C:\Pneumonia_Project\gradcam_outputs\overlay_0582_person83_bacteria_409.jpeg
583,C:\Pneumonia_Project\chest_xray\test\PNEUMONIA\person83_bacteria_410.jpeg,1,1,0.8804593086242676,1,0.5675684213638306,1.0,C:\Pneumonia_Project\gradcam_outputs\orig_0583_person83_bacteria_410.jpeg,C:\Pneumonia_Project\gradcam_outputs\overlay_0583_person83_bacteria_410.jpeg
584,C:\Pneumonia_Project\chest_xray\test\PNEUMONIA\person83_bacteria_411.jpeg,1,0,0.3700958490371704,1,0.25331738591194153,1.0,C:\Pneumonia_Project\gradcam_outputs\orig_0584_person83_bacteria_411.jpeg,C:\Pneumonia_Project\gradcam_outputs\overlay_0584_person83_bacteria_411.jpeg
585,C:\Pneumonia_Project\chest_xray\test\PNEUMONIA\person83_bacteria_412.jpeg,1,1,0.9318956136703491,1,0.7071842551231384,1.0,C:\Pneumonia_Project\gradcam_outputs\orig_0585_person83_bacteria_412.jpeg,C:\Pneumonia_Project\gradcam_outputs\overlay_0585_person83_bacteria_412.jpeg
586,C:\Pneumonia_Project\chest_xray\test\PNEUMONIA\person83_bacteria_414.jpeg,1,0,0.5953317880630493,1,0.3824549913406372,1.0,C:\Pneumonia_Project\gradcam_outputs\orig_0586_person83_bacteria_414.jpeg,C:\Pneumonia_Project\gradcam_outputs\overlay_0586_person83_bacteria_414.jpeg
587,C:\Pneumonia_Project\chest_xray\test\PNEUMONIA\person85_bacteria_417.jpeg,1,0,0.6925516724586487,1,0.5617306232452393,1.0,C:\Pneumonia_Project\gradcam_outputs\orig_0587_person85_bacteria_417.jpeg,C:\Pneumonia_Project\gradcam_outputs\overlay_0587_person85_bacteria_417.jpeg
588,C:\Pneumonia_Project\chest_xray\test\PNEUMONIA\person85_bacteria_419.jpeg,1,1,0.9349687695503235,1,0.5367357134819031,1.0,C:\Pneumonia_Project\gradcam_outputs\orig_0588_person85_bacteria_419.jpeg,C:\Pneumonia_Project\gradcam_outputs\overlay_0588_person85_bacteria_419.jpeg
589,C:\Pneumonia_Project\chest_xray\test\PNEUMONIA\person85_bacteria_421.jpeg,1,0,0.7764351963996887,1,0.65989750623703,1.0,C:\Pneumonia_Project\gradcam_outputs\orig_0589_person85_bacteria_421.jpeg,C:\Pneumonia_Project\gradcam_outputs\overlay_0589_person85_bacteria_421.jpeg
590,C:\Pneumonia_Project\chest_xray\test\PNEUMONIA\person85_bacteria_422.jpeg,1,1,0.9950301051139832,1,0.6713643670082092,1.0,C:\Pneumonia_Project\gradcam_outputs\orig_0590_person85_bacteria_422.jpeg,C:\Pneumonia_Project\gradcam_outputs\overlay_0590_person85_bacteria_422.jpeg
591,C:\Pneumonia_Project\chest_xray\test\PNEUMONIA\person85_bacteria_423.jpeg,1,1,0.9820444583892822,1,0.6000760197639465,1.0,C:\Pneumonia_Project\gradcam_outputs\orig_0591_person85_bacteria_423.jpeg,C:\Pneumonia_Project\gradcam_outputs\overlay_0591_person85_bacteria_423.jpeg
592,C:\Pneumonia_Project\chest_xray\test\PNEUMONIA\person85_bacteria_424.jpeg,1,0,0.4520496428012848,1,0.5010026097297668,1.0,C:\Pneumonia_Project\gradcam_outputs\orig_0592_person85_bacteria_424.jpeg,C:\Pneumonia_Project\gradcam_outputs\overlay_0592_person85_bacteria_424.jpeg
593,C:\Pneumonia_Project\chest_xray\test\PNEUMONIA\person86_bacteria_428.jpeg,1,0,0.8054541349411011,1,0.5699751377105713,1.0,C:\Pneumonia_Project\gradcam_outputs\orig_0593_person86_bacteria_428.jpeg,C:\Pneumonia_Project\gradcam_outputs\overlay_0593_person86_bacteria_428.jpeg
594,C:\Pneumonia_Project\chest_xray\test\PNEUMONIA\person86_bacteria_429.jpeg,1,1,0.8780230283737183,1,0.5099428296089172,1.0,C:\Pneumonia_Project\gradcam_outputs\orig_0594_person86_bacteria_429.jpeg,C:\Pneumonia_Project\gradcam_outputs\overlay_0594_person86_bacteria_429.jpeg
595,C:\Pneumonia_Project\chest_xray\test\PNEUMONIA\person87_bacteria_433.jpeg,1,1,0.9352298974990845,1,0.6853670477867126,1.0,C:\Pneumonia_Project\gradcam_outputs\orig_0595_person87_bacteria_433.jpeg,C:\Pneumonia_Project\gradcam_outputs\overlay_0595_person87_bacteria_433.jpeg
596,C:\Pneumonia_Project\chest_xray\test\PNEUMONIA\person87_bacteria_434.jpeg,1,0,0.7652316093444824,1,0.409608393907547,1.0,C:\Pneumonia_Project\gradcam_outputs\orig_0596_person87_bacteria_434.jpeg,C:\Pneumonia_Project\gradcam_outputs\overlay_0596_person87_bacteria_434.jpeg
597,C:\Pneumonia_Project\chest_xray\test\PNEUMONIA\person88_bacteria_437.jpeg,1,0,0.2897469401359558,1,0.3001392185688019,1.0,C:\Pneumonia_Project\gradcam_outputs\orig_0597_person88_bacteria_437.jpeg,C:\Pneumonia_Project\gradcam_outputs\overlay_0597_person88_bacteria_437.jpeg
598,C:\Pneumonia_Project\chest_xray\test\PNEUMONIA\person88_bacteria_438.jpeg,1,1,0.9651649594306946,1,0.5817524790763855,1.0,C:\Pneumonia_Project\gradcam_outputs\orig_0598_person88_bacteria_438.jpeg,C:\Pneumonia_Project\gradcam_outputs\overlay_0598_person88_bacteria_438.jpeg
599,C:\Pneumonia_Project\chest_xray\test\PNEUMONIA\person88_bacteria_439.jpeg,1,0,0.4244471788406372,1,0.38927045464515686,1.0,C:\Pneumonia_Project\gradcam_outputs\orig_0599_person88_bacteria_439.jpeg,C:\Pneumonia_Project\gradcam_outputs\overlay_0599_person88_bacteria_439.jpeg
600,C:\Pneumonia_Project\chest_xray\test\PNEUMONIA\person89_bacteria_440.jpeg,1,0,0.7523046731948853,1,0.5754625797271729,1.0,C:\Pneumonia_Project\gradcam_outputs\orig_0600_person89_bacteria_440.jpeg,C:\Pneumonia_Project\gradcam_outputs\overlay_0600_person89_bacteria_440.jpeg
601,C:\Pneumonia_Project\chest_xray\test\PNEUMONIA\person8_virus_27.jpeg,1,0,0.7625551223754883,1,0.5128918290138245,1.0,C:\Pneumonia_Project\gradcam_outputs\orig_0601_person8_virus_27.jpeg,C:\Pneumonia_Project\gradcam_outputs\overlay_0601_person8_virus_27.jpeg
602,C:\Pneumonia_Project\chest_xray\test\PNEUMONIA\person8_virus_28.jpeg,1,0,0.546378493309021,1,0.38210436701774597,1.0,C:\Pneumonia_Project\gradcam_outputs\orig_0602_person8_virus_28.jpeg,C:\Pneumonia_Project\gradcam_outputs\overlay_0602_person8_virus_28.jpeg
603,C:\Pneumonia_Project\chest_xray\test\PNEUMONIA\person90_bacteria_442.jpeg,1,0,0.537255048751831,1,0.4054531455039978,1.0,C:\Pneumonia_Project\gradcam_outputs\orig_0603_person90_bacteria_442.jpeg,C:\Pneumonia_Project\gradcam_outputs\overlay_0603_person90_bacteria_442.jpeg
604,C:\Pneumonia_Project\chest_xray\test\PNEUMONIA\person90_bacteria_443.jpeg,1,1,0.9618560075759888,1,0.7244467735290527,1.0,C:\Pneumonia_Project\gradcam_outputs\orig_0604_person90_bacteria_443.jpeg,C:\Pneumonia_Project\gradcam_outputs\overlay_0604_person90_bacteria_443.jpeg
605,C:\Pneumonia_Project\chest_xray\test\PNEUMONIA\person91_bacteria_445.jpeg,1,1,0.9018081426620483,1,0.4834623336791992,1.0,C:\Pneumonia_Project\gradcam_outputs\orig_0605_person91_bacteria_445.jpeg,C:\Pneumonia_Project\gradcam_outputs\overlay_0605_person91_bacteria_445.jpeg
606,C:\Pneumonia_Project\chest_xray\test\PNEUMONIA\person91_bacteria_446.jpeg,1,1,0.9528052806854248,1,0.6765480637550354,1.0,C:\Pneumonia_Project\gradcam_outputs\orig_0606_person91_bacteria_446.jpeg,C:\Pneumonia_Project\gradcam_outputs\overlay_0606_person91_bacteria_446.jpeg
607,C:\Pneumonia_Project\chest_xray\test\PNEUMONIA\person91_bacteria_447.jpeg,1,1,0.9302535057067871,1,0.7002959847450256,1.0,C:\Pneumonia_Project\gradcam_outputs\orig_0607_person91_bacteria_447.jpeg,C:\Pneumonia_Project\gradcam_outputs\overlay_0607_person91_bacteria_447.jpeg
608,C:\Pneumonia_Project\chest_xray\test\PNEUMONIA\person91_bacteria_448.jpeg,1,0,0.4553365111351013,1,0.4572035074234009,1.0,C:\Pneumonia_Project\gradcam_outputs\orig_0608_person91_bacteria_448.jpeg,C:\Pneumonia_Project\gradcam_outputs\overlay_0608_person91_bacteria_448.jpeg
609,C:\Pneumonia_Project\chest_xray\test\PNEUMONIA\person91_bacteria_449.jpeg,1,0,0.6800717711448669,1,0.6237266063690186,1.0,C:\Pneumonia_Project\gradcam_outputs\orig_0609_person91_bacteria_449.jpeg,C:\Pneumonia_Project\gradcam_outputs\overlay_0609_person91_bacteria_449.jpeg
610,C:\Pneumonia_Project\chest_xray\test\PNEUMONIA\person92_bacteria_450.jpeg,1,1,0.9902817010879517,1,0.6733679175376892,1.0,C:\Pneumonia_Project\gradcam_outputs\orig_0610_person92_bacteria_450.jpeg,C:\Pneumonia_Project\gradcam_outputs\overlay_0610_person92_bacteria_450.jpeg
611,C:\Pneumonia_Project\chest_xray\test\PNEUMONIA\person92_bacteria_451.jpeg,1,1,0.9317545890808105,1,0.5751011967658997,1.0,C:\Pneumonia_Project\gradcam_outputs\orig_0611_person92_bacteria_451.jpeg,C:\Pneumonia_Project\gradcam_outputs\overlay_0611_person92_bacteria_451.jpeg
612,C:\Pneumonia_Project\chest_xray\test\PNEUMONIA\person93_bacteria_453.jpeg,1,0,0.7070958018302917,1,0.5650362372398376,1.0,C:\Pneumonia_Project\gradcam_outputs\orig_0612_person93_bacteria_453.jpeg,C:\Pneumonia_Project\gradcam_outputs\overlay_0612_person93_bacteria_453.jpeg
613,C:\Pneumonia_Project\chest_xray\test\PNEUMONIA\person93_bacteria_454.jpeg,1,1,0.9296162128448486,1,0.6655963659286499,1.0,C:\Pneumonia_Project\gradcam_outputs\orig_0613_person93_bacteria_454.jpeg,C:\Pneumonia_Project\gradcam_outputs\overlay_0613_person93_bacteria_454.jpeg
614,C:\Pneumonia_Project\chest_xray\test\PNEUMONIA\person94_bacteria_456.jpeg,1,1,0.9599234461784363,1,0.677777886390686,1.0,C:\Pneumonia_Project\gradcam_outputs\orig_0614_person94_bacteria_456.jpeg,C:\Pneumonia_Project\gradcam_outputs\overlay_0614_person94_bacteria_456.jpeg
615,C:\Pneumonia_Project\chest_xray\test\PNEUMONIA\person94_bacteria_457.jpeg,1,1,0.908535361289978,1,0.5552746653556824,1.0,C:\Pneumonia_Project\gradcam_outputs\orig_0615_person94_bacteria_457.jpeg,C:\Pneumonia_Project\gradcam_outputs\overlay_0615_person94_bacteria_457.jpeg
616,C:\Pneumonia_Project\chest_xray\test\PNEUMONIA\person94_bacteria_458.jpeg,1,1,0.9591665863990784,1,0.6661742329597473,1.0,C:\Pneumonia_Project\gradcam_outputs\orig_0616_person94_bacteria_458.jpeg,C:\Pneumonia_Project\gradcam_outputs\overlay_0616_person94_bacteria_458.jpeg
617,C:\Pneumonia_Project\chest_xray\test\PNEUMONIA\person95_bacteria_463.jpeg,1,0,0.25202375650405884,1,0.34204980731010437,1.0,C:\Pneumonia_Project\gradcam_outputs\orig_0617_person95_bacteria_463.jpeg,C:\Pneumonia_Project\gradcam_outputs\overlay_0617_person95_bacteria_463.jpeg
618,C:\Pneumonia_Project\chest_xray\test\PNEUMONIA\person96_bacteria_464.jpeg,1,1,0.9692165851593018,1,0.47742581367492676,1.0,C:\Pneumonia_Project\gradcam_outputs\orig_0618_person96_bacteria_464.jpeg,C:\Pneumonia_Project\gradcam_outputs\overlay_0618_person96_bacteria_464.jpeg
619,C:\Pneumonia_Project\chest_xray\test\PNEUMONIA\person96_bacteria_465.jpeg,1,0,0.5025432705879211,1,0.30523738265037537,1.0,C:\Pneumonia_Project\gradcam_outputs\orig_0619_person96_bacteria_465.jpeg,C:\Pneumonia_Project\gradcam_outputs\overlay_0619_person96_bacteria_465.jpeg
620,C:\Pneumonia_Project\chest_xray\test\PNEUMONIA\person96_bacteria_466.jpeg,1,1,0.9800164103507996,1,0.6449422240257263,1.0,C:\Pneumonia_Project\gradcam_outputs\orig_0620_person96_bacteria_466.jpeg,C:\Pneumonia_Project\gradcam_outputs\overlay_0620_person96_bacteria_466.jpeg
621,C:\Pneumonia_Project\chest_xray\test\PNEUMONIA\person97_bacteria_468.jpeg,1,1,0.9334032535552979,1,0.607783854007721,1.0,C:\Pneumonia_Project\gradcam_outputs\orig_0621_person97_bacteria_468.jpeg,C:\Pneumonia_Project\gradcam_outputs\overlay_0621_person97_bacteria_468.jpeg
622,C:\Pneumonia_Project\chest_xray\test\PNEUMONIA\person99_bacteria_473.jpeg,1,1,0.8626449108123779,1,0.631203830242157,1.0,C:\Pneumonia_Project\gradcam_outputs\orig_0622_person99_bacteria_473.jpeg,C:\Pneumonia_Project\gradcam_outputs\overlay_0622_person99_bacteria_473.jpeg
623,C:\Pneumonia_Project\chest_xray\test\PNEUMONIA\person99_bacteria_474.jpeg,1,1,0.8721085786819458,1,0.3730364441871643,1.0,C:\Pneumonia_Project\gradcam_outputs\orig_0623_person99_bacteria_474.jpeg,C:\Pneumonia_Project\gradcam_outputs\overlay_0623_person99_bacteria_474.jpeg
